Date,Tweet,Likes,Retweets,Sentiment,Confidence
2024-01-01 00:00:00,Vijay Makkal Iyakkam rocks!,459,83,POSITIVE,0.7293525578337692
2024-01-01 01:00:00,Thalapathy Vijay is the leader!,491,110,NEUTRAL,0.590815710939411
2024-01-01 02:00:00,Political impact of Vijay,355,250,POSITIVE,0.6511978701519612
2024-01-01 03:00:00,Thalapathy Vijay is the leader!,495,6,NEUTRAL,0.5254012948444711
2024-01-01 04:00:00,Thalapathy Vijay is the leader!,323,83,NEUTRAL,0.7341502957281926
2024-01-01 05:00:00,Will Vijay succeed?,132,207,NEGATIVE,0.9265640859551183
2024-01-01 06:00:00,Political impact of Vijay,375,21,NEUTRAL,0.9667902280033447
2024-01-01 07:00:00,Political impact of Vijay,292,2,NEGATIVE,0.9663011037518219
2024-01-01 08:00:00,Political impact of Vijay,327,126,POSITIVE,0.5626150128143734
2024-01-01 09:00:00,Thalapathy Vijay is the leader!,126,296,NEUTRAL,0.6910269412555285
2024-01-01 10:00:00,Vijay Makkal Iyakkam rocks!,105,187,NEUTRAL,0.5141143798253531
2024-01-01 11:00:00,Political impact of Vijay,496,13,POSITIVE,0.9275826724857363
2024-01-01 12:00:00,Thalapathy Vijay is the leader!,91,11,POSITIVE,0.6793778810106369
2024-01-01 13:00:00,Will Vijay succeed?,286,86,NEUTRAL,0.8155585139461174
2024-01-01 14:00:00,Vijay Makkal Iyakkam rocks!,377,11,POSITIVE,0.8574492190386442
2024-01-01 15:00:00,Will Vijay succeed?,392,24,NEGATIVE,0.7149223348715776
2024-01-01 16:00:00,Vijay Makkal Iyakkam rocks!,50,242,POSITIVE,0.6532211682751214
2024-01-01 17:00:00,Thalapathy Vijay is the leader!,28,121,POSITIVE,0.9811064550579723
2024-01-01 18:00:00,Vijay entry trending!,461,146,NEUTRAL,0.9822441125119271
2024-01-01 19:00:00,Vijay Makkal Iyakkam rocks!,295,54,NEGATIVE,0.6447181840150109
2024-01-01 20:00:00,Will Vijay succeed?,296,237,POSITIVE,0.7398125483722291
2024-01-01 21:00:00,Thalapathy Vijay is the leader!,213,172,NEGATIVE,0.9864220793300111
2024-01-01 22:00:00,Vijay Makkal Iyakkam rocks!,266,220,NEGATIVE,0.5024342038277516
2024-01-01 23:00:00,Vijay entry trending!,406,118,NEGATIVE,0.7063391241895747
2024-01-02 00:00:00,Vijay entry trending!,256,182,NEUTRAL,0.5502287748404842
2024-01-02 01:00:00,Political impact of Vijay,301,287,POSITIVE,0.7545789827813013
2024-01-02 02:00:00,Political impact of Vijay,100,299,NEUTRAL,0.5123349772702436
2024-01-02 03:00:00,Will Vijay succeed?,404,81,POSITIVE,0.7034492156953139
2024-01-02 04:00:00,Vijay Makkal Iyakkam rocks!,345,210,POSITIVE,0.6103495373926675
2024-01-02 05:00:00,Vijay Makkal Iyakkam rocks!,109,149,NEUTRAL,0.7666541812293703
2024-01-02 06:00:00,Political impact of Vijay,419,36,NEGATIVE,0.9979968245503499
2024-01-02 07:00:00,Vijay Makkal Iyakkam rocks!,181,58,NEGATIVE,0.9002680525633738
2024-01-02 08:00:00,Vijay Makkal Iyakkam rocks!,470,130,POSITIVE,0.9228210458122107
2024-01-02 09:00:00,Vijay entry trending!,312,201,NEUTRAL,0.8176324936795405
2024-01-02 10:00:00,Political impact of Vijay,0,242,NEGATIVE,0.5207799241361293
2024-01-02 11:00:00,Thalapathy Vijay is the leader!,318,34,NEGATIVE,0.6033988380220721
2024-01-02 12:00:00,Political impact of Vijay,437,92,POSITIVE,0.9625322782235275
2024-01-02 13:00:00,Thalapathy Vijay is the leader!,54,206,POSITIVE,0.6830565589643756
2024-01-02 14:00:00,Vijay entry trending!,370,212,NEUTRAL,0.5518183632403978
2024-01-02 15:00:00,Will Vijay succeed?,423,158,POSITIVE,0.851202682933101
2024-01-02 16:00:00,Vijay Makkal Iyakkam rocks!,398,23,NEGATIVE,0.6497288619671273
2024-01-02 17:00:00,Vijay entry trending!,148,292,NEGATIVE,0.6344284564520859
2024-01-02 18:00:00,Vijay Makkal Iyakkam rocks!,430,3,NEGATIVE,0.9989887277791302
2024-01-02 19:00:00,Will Vijay succeed?,456,219,NEGATIVE,0.9290694625133271
2024-01-02 20:00:00,Will Vijay succeed?,308,19,NEUTRAL,0.7039689091839205
2024-01-02 21:00:00,Vijay entry trending!,136,151,NEUTRAL,0.9901306039082496
2024-01-02 22:00:00,Will Vijay succeed?,201,49,POSITIVE,0.8250566117096068
2024-01-02 23:00:00,Thalapathy Vijay is the leader!,435,176,POSITIVE,0.8710112259398801
2024-01-03 00:00:00,Will Vijay succeed?,312,95,POSITIVE,0.5157565215411057
2024-01-03 01:00:00,Vijay Makkal Iyakkam rocks!,116,104,NEUTRAL,0.5608026296740285
2024-01-03 02:00:00,Vijay Makkal Iyakkam rocks!,153,249,NEGATIVE,0.8165425632481191
2024-01-03 03:00:00,Vijay Makkal Iyakkam rocks!,424,116,POSITIVE,0.949511991324742
2024-01-03 04:00:00,Vijay Makkal Iyakkam rocks!,290,227,NEGATIVE,0.8118718630437978
2024-01-03 05:00:00,Thalapathy Vijay is the leader!,62,65,POSITIVE,0.567012447159496
2024-01-03 06:00:00,Political impact of Vijay,243,261,POSITIVE,0.5578800231231623
2024-01-03 07:00:00,Vijay entry trending!,24,294,POSITIVE,0.9220929479120408
2024-01-03 08:00:00,Vijay Makkal Iyakkam rocks!,89,242,POSITIVE,0.5696511693539572
2024-01-03 09:00:00,Will Vijay succeed?,74,185,POSITIVE,0.7601159802520128
2024-01-03 10:00:00,Vijay Makkal Iyakkam rocks!,293,245,NEGATIVE,0.5185566599811511
2024-01-03 11:00:00,Will Vijay succeed?,385,124,POSITIVE,0.5403348836955887
2024-01-03 12:00:00,Will Vijay succeed?,390,267,NEGATIVE,0.8361741338214324
2024-01-03 13:00:00,Vijay Makkal Iyakkam rocks!,209,130,NEUTRAL,0.8445907052137583
2024-01-03 14:00:00,Thalapathy Vijay is the leader!,474,236,POSITIVE,0.6707347033042212
2024-01-03 15:00:00,Will Vijay succeed?,417,17,NEGATIVE,0.6078048826215223
2024-01-03 16:00:00,Will Vijay succeed?,346,39,NEUTRAL,0.906855135378654
2024-01-03 17:00:00,Vijay Makkal Iyakkam rocks!,16,20,NEUTRAL,0.6085516147349452
2024-01-03 18:00:00,Will Vijay succeed?,127,224,NEUTRAL,0.7710135348331899
2024-01-03 19:00:00,Will Vijay succeed?,426,281,NEGATIVE,0.9841044204314527
2024-01-03 20:00:00,Vijay Makkal Iyakkam rocks!,442,7,POSITIVE,0.5739262189311919
2024-01-03 21:00:00,Vijay Makkal Iyakkam rocks!,363,99,POSITIVE,0.9704381337473544
2024-01-03 22:00:00,Vijay entry trending!,250,239,NEGATIVE,0.5914465265343343
2024-01-03 23:00:00,Thalapathy Vijay is the leader!,178,86,POSITIVE,0.7837216040116148
2024-01-04 00:00:00,Thalapathy Vijay is the leader!,181,297,NEGATIVE,0.6885038559793724
2024-01-04 01:00:00,Will Vijay succeed?,151,13,POSITIVE,0.982464300750913
2024-01-04 02:00:00,Thalapathy Vijay is the leader!,24,1,NEUTRAL,0.6367710145009684
2024-01-04 03:00:00,Will Vijay succeed?,454,292,POSITIVE,0.6998290010428768
2024-01-04 04:00:00,Vijay entry trending!,179,40,NEGATIVE,0.9914300589277103
2024-01-04 05:00:00,Vijay Makkal Iyakkam rocks!,197,110,NEGATIVE,0.7682351955942366
2024-01-04 06:00:00,Vijay Makkal Iyakkam rocks!,343,13,NEUTRAL,0.7513150578106267
2024-01-04 07:00:00,Vijay Makkal Iyakkam rocks!,160,230,NEGATIVE,0.6288892441019956
2024-01-04 08:00:00,Thalapathy Vijay is the leader!,176,83,POSITIVE,0.8506817801552207
2024-01-04 09:00:00,Vijay entry trending!,284,129,POSITIVE,0.5071864758888889
2024-01-04 10:00:00,Thalapathy Vijay is the leader!,62,230,NEUTRAL,0.5247563148511467
2024-01-04 11:00:00,Thalapathy Vijay is the leader!,490,144,NEGATIVE,0.7996792935679014
2024-01-04 12:00:00,Vijay entry trending!,149,27,NEUTRAL,0.6708372869092271
2024-01-04 13:00:00,Vijay entry trending!,153,65,POSITIVE,0.9766581861004803
2024-01-04 14:00:00,Vijay entry trending!,155,162,NEUTRAL,0.9515953453613928
2024-01-04 15:00:00,Vijay entry trending!,369,228,NEGATIVE,0.8568531293383537
2024-01-04 16:00:00,Vijay Makkal Iyakkam rocks!,468,260,NEUTRAL,0.9090727905639007
2024-01-04 17:00:00,Political impact of Vijay,48,163,NEGATIVE,0.8336659248338467
2024-01-04 18:00:00,Political impact of Vijay,454,286,NEGATIVE,0.5627910513550803
2024-01-04 19:00:00,Vijay entry trending!,336,9,POSITIVE,0.8827716848446013
2024-01-04 20:00:00,Political impact of Vijay,83,194,POSITIVE,0.6050959843594232
2024-01-04 21:00:00,Political impact of Vijay,360,117,POSITIVE,0.6617214275500984
2024-01-04 22:00:00,Vijay entry trending!,176,269,NEGATIVE,0.9096171060512102
2024-01-04 23:00:00,Political impact of Vijay,147,79,NEUTRAL,0.7682628041967241
2024-01-05 00:00:00,Thalapathy Vijay is the leader!,117,92,NEGATIVE,0.9299703570917046
2024-01-05 01:00:00,Will Vijay succeed?,341,265,POSITIVE,0.6065176599216321
2024-01-05 02:00:00,Will Vijay succeed?,475,256,POSITIVE,0.8038892193034436
2024-01-05 03:00:00,Vijay entry trending!,62,132,NEUTRAL,0.5418954862741308
2024-01-05 04:00:00,Vijay Makkal Iyakkam rocks!,188,275,POSITIVE,0.8215304967700148
2024-01-05 05:00:00,Vijay entry trending!,359,263,POSITIVE,0.8812670188877674
2024-01-05 06:00:00,Vijay Makkal Iyakkam rocks!,48,170,POSITIVE,0.7924654469893608
2024-01-05 07:00:00,Will Vijay succeed?,326,0,NEUTRAL,0.6331157507494052
2024-01-05 08:00:00,Vijay entry trending!,256,63,NEGATIVE,0.5156713344294334
2024-01-05 09:00:00,Thalapathy Vijay is the leader!,223,283,POSITIVE,0.5597244419821429
2024-01-05 10:00:00,Political impact of Vijay,140,120,NEUTRAL,0.8111514895370131
2024-01-05 11:00:00,Vijay Makkal Iyakkam rocks!,477,106,POSITIVE,0.9672101084212569
2024-01-05 12:00:00,Political impact of Vijay,214,174,NEUTRAL,0.6032672019860033
2024-01-05 13:00:00,Political impact of Vijay,434,203,POSITIVE,0.8675130745525494
2024-01-05 14:00:00,Vijay entry trending!,378,164,NEUTRAL,0.9332255316245208
2024-01-05 15:00:00,Political impact of Vijay,439,119,POSITIVE,0.7604410892237555
2024-01-05 16:00:00,Thalapathy Vijay is the leader!,210,43,NEGATIVE,0.8346328979218289
2024-01-05 17:00:00,Political impact of Vijay,317,155,POSITIVE,0.9075076583380741
2024-01-05 18:00:00,Vijay entry trending!,31,206,NEUTRAL,0.6303375788702967
2024-01-05 19:00:00,Thalapathy Vijay is the leader!,157,107,POSITIVE,0.6484478371340214
2024-01-05 20:00:00,Will Vijay succeed?,284,250,NEGATIVE,0.5003137583142281
2024-01-05 21:00:00,Political impact of Vijay,304,129,POSITIVE,0.9815470654489012
2024-01-05 22:00:00,Vijay entry trending!,428,292,NEUTRAL,0.9587724472981725
2024-01-05 23:00:00,Will Vijay succeed?,476,19,NEUTRAL,0.8822841318797152
2024-01-06 00:00:00,Will Vijay succeed?,285,281,NEGATIVE,0.5395380104883241
2024-01-06 01:00:00,Vijay Makkal Iyakkam rocks!,143,284,NEUTRAL,0.7237514448497541
2024-01-06 02:00:00,Thalapathy Vijay is the leader!,423,0,POSITIVE,0.5509458769857765
2024-01-06 03:00:00,Political impact of Vijay,18,118,POSITIVE,0.5079601336313992
2024-01-06 04:00:00,Vijay entry trending!,17,34,POSITIVE,0.8080914826062986
2024-01-06 05:00:00,Vijay Makkal Iyakkam rocks!,256,197,NEUTRAL,0.9804147085400943
2024-01-06 06:00:00,Thalapathy Vijay is the leader!,77,244,POSITIVE,0.9514340117160751
2024-01-06 07:00:00,Vijay Makkal Iyakkam rocks!,370,58,POSITIVE,0.8483774074677022
2024-01-06 08:00:00,Thalapathy Vijay is the leader!,174,160,POSITIVE,0.5483202920824357
2024-01-06 09:00:00,Thalapathy Vijay is the leader!,497,178,NEGATIVE,0.6370820188361501
2024-01-06 10:00:00,Political impact of Vijay,193,205,NEUTRAL,0.6600283634426455
2024-01-06 11:00:00,Thalapathy Vijay is the leader!,475,11,NEUTRAL,0.8815750288727806
2024-01-06 12:00:00,Vijay Makkal Iyakkam rocks!,112,275,NEUTRAL,0.901124589617557
2024-01-06 13:00:00,Thalapathy Vijay is the leader!,113,180,NEGATIVE,0.6925530614949602
2024-01-06 14:00:00,Political impact of Vijay,221,241,NEUTRAL,0.7089419983088048
2024-01-06 15:00:00,Political impact of Vijay,165,215,NEGATIVE,0.5222545196380857
2024-01-06 16:00:00,Vijay Makkal Iyakkam rocks!,434,250,NEGATIVE,0.6445683592093805
2024-01-06 17:00:00,Will Vijay succeed?,318,298,NEUTRAL,0.72564258858882
2024-01-06 18:00:00,Will Vijay succeed?,131,125,POSITIVE,0.5584915231926288
2024-01-06 19:00:00,Thalapathy Vijay is the leader!,384,216,POSITIVE,0.7266337303775107
2024-01-06 20:00:00,Vijay entry trending!,263,284,NEUTRAL,0.9265879061289002
2024-01-06 21:00:00,Thalapathy Vijay is the leader!,412,184,NEUTRAL,0.7906605098625267
2024-01-06 22:00:00,Vijay Makkal Iyakkam rocks!,54,38,NEGATIVE,0.5394649275192062
2024-01-06 23:00:00,Vijay Makkal Iyakkam rocks!,358,222,NEUTRAL,0.5958356594151372
2024-01-07 00:00:00,Vijay Makkal Iyakkam rocks!,130,183,NEGATIVE,0.7372721750792781
2024-01-07 01:00:00,Vijay Makkal Iyakkam rocks!,287,177,NEUTRAL,0.6807435749109061
2024-01-07 02:00:00,Vijay Makkal Iyakkam rocks!,265,293,POSITIVE,0.6793635097730494
2024-01-07 03:00:00,Political impact of Vijay,457,150,POSITIVE,0.7646337240717951
2024-01-07 04:00:00,Will Vijay succeed?,466,125,NEUTRAL,0.7921979607947287
2024-01-07 05:00:00,Vijay Makkal Iyakkam rocks!,365,233,NEGATIVE,0.8984307851380955
2024-01-07 06:00:00,Vijay entry trending!,161,7,POSITIVE,0.6704832817312423
2024-01-07 07:00:00,Vijay entry trending!,379,128,NEGATIVE,0.9027331415202934
2024-01-07 08:00:00,Vijay entry trending!,480,263,NEUTRAL,0.6693056145563163
2024-01-07 09:00:00,Vijay entry trending!,86,156,NEUTRAL,0.527716494470617
2024-01-07 10:00:00,Political impact of Vijay,54,4,POSITIVE,0.7770938255023956
2024-01-07 11:00:00,Vijay entry trending!,475,85,NEUTRAL,0.7939511624474073
2024-01-07 12:00:00,Vijay Makkal Iyakkam rocks!,287,174,POSITIVE,0.96727012281093
2024-01-07 13:00:00,Thalapathy Vijay is the leader!,177,289,NEGATIVE,0.8630306630312372
2024-01-07 14:00:00,Vijay entry trending!,390,192,POSITIVE,0.9588863262472198
2024-01-07 15:00:00,Political impact of Vijay,348,118,POSITIVE,0.9541736051215048
2024-01-07 16:00:00,Political impact of Vijay,7,217,NEGATIVE,0.802287055129121
2024-01-07 17:00:00,Vijay entry trending!,320,113,POSITIVE,0.7638810326682237
2024-01-07 18:00:00,Thalapathy Vijay is the leader!,312,144,POSITIVE,0.7787204835818
2024-01-07 19:00:00,Vijay entry trending!,246,25,NEUTRAL,0.989165403838624
2024-01-07 20:00:00,Political impact of Vijay,322,135,NEGATIVE,0.8865838458734794
2024-01-07 21:00:00,Will Vijay succeed?,471,231,POSITIVE,0.5531329523961979
2024-01-07 22:00:00,Vijay Makkal Iyakkam rocks!,470,75,NEGATIVE,0.8892142033907
2024-01-07 23:00:00,Political impact of Vijay,442,288,NEGATIVE,0.585269024449113
2024-01-08 00:00:00,Vijay entry trending!,254,0,POSITIVE,0.7236752745028128
2024-01-08 01:00:00,Vijay Makkal Iyakkam rocks!,327,146,NEUTRAL,0.6052298360882671
2024-01-08 02:00:00,Vijay entry trending!,53,286,NEGATIVE,0.8447915327666149
2024-01-08 03:00:00,Vijay entry trending!,248,141,POSITIVE,0.9386548680965179
2024-01-08 04:00:00,Will Vijay succeed?,238,52,NEGATIVE,0.6451809426833405
2024-01-08 05:00:00,Vijay Makkal Iyakkam rocks!,228,68,NEUTRAL,0.5410053706040938
2024-01-08 06:00:00,Vijay Makkal Iyakkam rocks!,66,89,NEUTRAL,0.6492465490374817
2024-01-08 07:00:00,Will Vijay succeed?,50,219,NEUTRAL,0.8361809289660972
2024-01-08 08:00:00,Political impact of Vijay,96,191,POSITIVE,0.664380063777225
2024-01-08 09:00:00,Vijay entry trending!,91,62,POSITIVE,0.6390560837769017
2024-01-08 10:00:00,Thalapathy Vijay is the leader!,494,72,NEUTRAL,0.5922175952921325
2024-01-08 11:00:00,Vijay entry trending!,263,160,POSITIVE,0.7487582134372168
2024-01-08 12:00:00,Vijay entry trending!,417,168,NEUTRAL,0.6379744140785938
2024-01-08 13:00:00,Political impact of Vijay,290,88,POSITIVE,0.8655051745697415
2024-01-08 14:00:00,Vijay entry trending!,95,175,NEUTRAL,0.5383112009961013
2024-01-08 15:00:00,Will Vijay succeed?,87,268,NEGATIVE,0.8320165165556588
2024-01-08 16:00:00,Will Vijay succeed?,77,72,NEUTRAL,0.6187800072838849
2024-01-08 17:00:00,Vijay Makkal Iyakkam rocks!,287,244,NEUTRAL,0.7446396305258016
2024-01-08 18:00:00,Thalapathy Vijay is the leader!,119,76,POSITIVE,0.6430449610156304
2024-01-08 19:00:00,Vijay entry trending!,301,158,POSITIVE,0.8613843380053978
2024-01-08 20:00:00,Vijay entry trending!,490,97,POSITIVE,0.9726535201258184
2024-01-08 21:00:00,Political impact of Vijay,399,101,POSITIVE,0.9585383897349067
2024-01-08 22:00:00,Will Vijay succeed?,451,131,POSITIVE,0.7917131075720456
2024-01-08 23:00:00,Thalapathy Vijay is the leader!,499,101,POSITIVE,0.7313051516284892
2024-01-09 00:00:00,Vijay Makkal Iyakkam rocks!,164,18,NEGATIVE,0.9091502547196909
2024-01-09 01:00:00,Will Vijay succeed?,181,81,NEUTRAL,0.841663181313865
2024-01-09 02:00:00,Vijay Makkal Iyakkam rocks!,468,278,NEUTRAL,0.5917820571084664
2024-01-09 03:00:00,Political impact of Vijay,397,128,NEUTRAL,0.9104596068065001
2024-01-09 04:00:00,Political impact of Vijay,222,88,NEGATIVE,0.7144421946973551
2024-01-09 05:00:00,Vijay entry trending!,310,212,NEUTRAL,0.5944928299855876
2024-01-09 06:00:00,Thalapathy Vijay is the leader!,431,142,NEGATIVE,0.6408986751982462
2024-01-09 07:00:00,Vijay Makkal Iyakkam rocks!,465,64,NEGATIVE,0.6337635151241712
2024-01-09 08:00:00,Will Vijay succeed?,6,75,NEGATIVE,0.7596034873017301
2024-01-09 09:00:00,Political impact of Vijay,329,198,NEUTRAL,0.6171850453389378
2024-01-09 10:00:00,Vijay entry trending!,262,142,NEGATIVE,0.5617832437007881
2024-01-09 11:00:00,Vijay entry trending!,160,92,NEUTRAL,0.5618454253068803
2024-01-09 12:00:00,Vijay Makkal Iyakkam rocks!,150,223,NEUTRAL,0.7916380985695484
2024-01-09 13:00:00,Political impact of Vijay,84,290,POSITIVE,0.8673796444246893
2024-01-09 14:00:00,Thalapathy Vijay is the leader!,146,101,POSITIVE,0.6607665044191704
2024-01-09 15:00:00,Political impact of Vijay,111,266,NEGATIVE,0.5173253549070085
2024-01-09 16:00:00,Vijay Makkal Iyakkam rocks!,380,109,NEGATIVE,0.5636124434685054
2024-01-09 17:00:00,Vijay Makkal Iyakkam rocks!,402,264,NEUTRAL,0.9573472801685285
2024-01-09 18:00:00,Political impact of Vijay,35,2,NEGATIVE,0.7467718297947266
2024-01-09 19:00:00,Vijay Makkal Iyakkam rocks!,284,84,NEGATIVE,0.7267864048075874
2024-01-09 20:00:00,Political impact of Vijay,187,281,NEUTRAL,0.5190245891550455
2024-01-09 21:00:00,Will Vijay succeed?,81,116,NEGATIVE,0.8643185111584495
2024-01-09 22:00:00,Political impact of Vijay,1,220,NEGATIVE,0.7640340404660395
2024-01-09 23:00:00,Political impact of Vijay,384,153,NEUTRAL,0.6010404680432604
2024-01-10 00:00:00,Vijay Makkal Iyakkam rocks!,302,152,NEUTRAL,0.5550368800905285
2024-01-10 01:00:00,Vijay Makkal Iyakkam rocks!,196,11,POSITIVE,0.6916939318159993
2024-01-10 02:00:00,Vijay entry trending!,403,132,NEUTRAL,0.9185809820975128
2024-01-10 03:00:00,Vijay entry trending!,10,292,POSITIVE,0.9326472796005123
2024-01-10 04:00:00,Will Vijay succeed?,233,299,NEGATIVE,0.8014231901978182
2024-01-10 05:00:00,Vijay entry trending!,385,227,NEUTRAL,0.8637682136150713
2024-01-10 06:00:00,Political impact of Vijay,194,270,NEUTRAL,0.5575778937014352
2024-01-10 07:00:00,Vijay Makkal Iyakkam rocks!,470,42,NEUTRAL,0.7940630327339274
2024-01-10 08:00:00,Vijay entry trending!,118,20,NEGATIVE,0.8334828517435908
2024-01-10 09:00:00,Vijay entry trending!,395,106,POSITIVE,0.6003564214568962
2024-01-10 10:00:00,Will Vijay succeed?,19,116,NEGATIVE,0.9400773664551294
2024-01-10 11:00:00,Will Vijay succeed?,260,123,NEGATIVE,0.5974983687605099
2024-01-10 12:00:00,Political impact of Vijay,292,280,NEUTRAL,0.6567386799232252
2024-01-10 13:00:00,Vijay Makkal Iyakkam rocks!,421,291,POSITIVE,0.8102784235117293
2024-01-10 14:00:00,Will Vijay succeed?,255,202,NEGATIVE,0.8191750325653654
2024-01-10 15:00:00,Vijay entry trending!,221,50,NEUTRAL,0.8496923704936836
2024-01-10 16:00:00,Vijay Makkal Iyakkam rocks!,392,270,NEGATIVE,0.5560058565341028
2024-01-10 17:00:00,Vijay Makkal Iyakkam rocks!,225,276,NEGATIVE,0.9247322149642776
2024-01-10 18:00:00,Vijay entry trending!,52,140,NEUTRAL,0.7664235661416299
2024-01-10 19:00:00,Will Vijay succeed?,427,274,NEUTRAL,0.7356608970525342
2024-01-10 20:00:00,Vijay entry trending!,354,289,POSITIVE,0.9905488122567547
2024-01-10 21:00:00,Vijay Makkal Iyakkam rocks!,499,51,NEGATIVE,0.8701891484705099
2024-01-10 22:00:00,Thalapathy Vijay is the leader!,341,26,NEUTRAL,0.5590030133096875
2024-01-10 23:00:00,Thalapathy Vijay is the leader!,363,156,NEUTRAL,0.8782695836131204
2024-01-11 00:00:00,Political impact of Vijay,279,238,POSITIVE,0.5476244669864347
2024-01-11 01:00:00,Vijay entry trending!,80,155,POSITIVE,0.5137352812564924
2024-01-11 02:00:00,Vijay entry trending!,201,290,NEUTRAL,0.7018129476349486
2024-01-11 03:00:00,Political impact of Vijay,157,135,POSITIVE,0.9967890864096094
2024-01-11 04:00:00,Political impact of Vijay,119,143,NEUTRAL,0.5874419680974313
2024-01-11 05:00:00,Political impact of Vijay,58,105,NEGATIVE,0.8363221717633951
2024-01-11 06:00:00,Vijay Makkal Iyakkam rocks!,493,157,POSITIVE,0.5866980331030597
2024-01-11 07:00:00,Vijay entry trending!,214,145,NEGATIVE,0.862393487479193
2024-01-11 08:00:00,Vijay Makkal Iyakkam rocks!,127,1,NEGATIVE,0.7526768341189131
2024-01-11 09:00:00,Political impact of Vijay,223,76,NEGATIVE,0.8399858550446881
2024-01-11 10:00:00,Vijay entry trending!,208,131,NEUTRAL,0.6014365879571173
2024-01-11 11:00:00,Vijay Makkal Iyakkam rocks!,369,89,NEGATIVE,0.872814166260251
2024-01-11 12:00:00,Vijay Makkal Iyakkam rocks!,114,262,NEGATIVE,0.9978095298113534
2024-01-11 13:00:00,Political impact of Vijay,208,107,NEGATIVE,0.8328252503129798
2024-01-11 14:00:00,Vijay entry trending!,13,73,NEUTRAL,0.7467399990364388
2024-01-11 15:00:00,Political impact of Vijay,8,38,NEGATIVE,0.9615869943096325
2024-01-11 16:00:00,Vijay entry trending!,39,158,NEGATIVE,0.5079259211159382
2024-01-11 17:00:00,Thalapathy Vijay is the leader!,449,70,POSITIVE,0.8649617596429106
2024-01-11 18:00:00,Will Vijay succeed?,236,240,NEUTRAL,0.9443732584069064
2024-01-11 19:00:00,Will Vijay succeed?,280,297,NEGATIVE,0.5308372918104787
2024-01-11 20:00:00,Will Vijay succeed?,358,35,POSITIVE,0.7250320852078791
2024-01-11 21:00:00,Political impact of Vijay,200,83,NEUTRAL,0.6023597269749994
2024-01-11 22:00:00,Thalapathy Vijay is the leader!,245,262,NEUTRAL,0.783259082793915
2024-01-11 23:00:00,Vijay entry trending!,277,171,NEUTRAL,0.8247714793018303
2024-01-12 00:00:00,Vijay Makkal Iyakkam rocks!,234,172,NEUTRAL,0.6513115914643774
2024-01-12 01:00:00,Vijay entry trending!,493,46,NEUTRAL,0.7299908348390505
2024-01-12 02:00:00,Vijay Makkal Iyakkam rocks!,3,140,NEUTRAL,0.6396697426382798
2024-01-12 03:00:00,Vijay entry trending!,153,117,NEGATIVE,0.6846955822275569
2024-01-12 04:00:00,Thalapathy Vijay is the leader!,441,276,NEGATIVE,0.5797699783442118
2024-01-12 05:00:00,Vijay Makkal Iyakkam rocks!,28,213,NEGATIVE,0.9427797217928158
2024-01-12 06:00:00,Political impact of Vijay,108,219,NEGATIVE,0.5050052052795682
2024-01-12 07:00:00,Vijay entry trending!,97,25,POSITIVE,0.9412045932218942
2024-01-12 08:00:00,Vijay entry trending!,214,8,NEGATIVE,0.7858394391748693
2024-01-12 09:00:00,Vijay Makkal Iyakkam rocks!,292,270,NEUTRAL,0.6658289220885087
2024-01-12 10:00:00,Political impact of Vijay,74,9,NEGATIVE,0.8615285627301649
2024-01-12 11:00:00,Political impact of Vijay,325,120,NEGATIVE,0.7538760759313321
2024-01-12 12:00:00,Thalapathy Vijay is the leader!,145,124,NEUTRAL,0.7495543290538033
2024-01-12 13:00:00,Political impact of Vijay,127,169,NEGATIVE,0.5550711414594832
2024-01-12 14:00:00,Political impact of Vijay,340,71,NEGATIVE,0.6947580129727043
2024-01-12 15:00:00,Political impact of Vijay,41,151,NEGATIVE,0.6205321729283684
2024-01-12 16:00:00,Will Vijay succeed?,355,207,POSITIVE,0.5078479527981399
2024-01-12 17:00:00,Thalapathy Vijay is the leader!,40,48,NEGATIVE,0.6800498153910566
2024-01-12 18:00:00,Vijay entry trending!,421,153,NEUTRAL,0.5449110647128024
2024-01-12 19:00:00,Vijay Makkal Iyakkam rocks!,33,292,NEUTRAL,0.6284150188625925
2024-01-12 20:00:00,Vijay entry trending!,16,67,NEGATIVE,0.5462583105915473
2024-01-12 21:00:00,Thalapathy Vijay is the leader!,164,49,NEGATIVE,0.5504708127781994
2024-01-12 22:00:00,Vijay Makkal Iyakkam rocks!,152,151,NEGATIVE,0.5995056472075941
2024-01-12 23:00:00,Thalapathy Vijay is the leader!,485,18,NEUTRAL,0.9999246222432001
2024-01-13 00:00:00,Political impact of Vijay,377,99,NEUTRAL,0.5010920714286244
2024-01-13 01:00:00,Vijay Makkal Iyakkam rocks!,75,59,POSITIVE,0.8193363180602027
2024-01-13 02:00:00,Political impact of Vijay,86,166,POSITIVE,0.5706218490132786
2024-01-13 03:00:00,Vijay entry trending!,116,201,POSITIVE,0.9603140683553879
2024-01-13 04:00:00,Vijay entry trending!,361,145,NEUTRAL,0.5468164466668146
2024-01-13 05:00:00,Vijay Makkal Iyakkam rocks!,341,163,POSITIVE,0.9775315935631183
2024-01-13 06:00:00,Vijay Makkal Iyakkam rocks!,468,241,NEGATIVE,0.8054631937417389
2024-01-13 07:00:00,Thalapathy Vijay is the leader!,26,68,NEGATIVE,0.5006340384577451
2024-01-13 08:00:00,Thalapathy Vijay is the leader!,312,174,NEUTRAL,0.947003598958403
2024-01-13 09:00:00,Political impact of Vijay,286,48,POSITIVE,0.7608559006834592
2024-01-13 10:00:00,Vijay Makkal Iyakkam rocks!,133,107,NEGATIVE,0.6313348676652423
2024-01-13 11:00:00,Vijay entry trending!,218,225,NEUTRAL,0.883639588757815
2024-01-13 12:00:00,Thalapathy Vijay is the leader!,167,160,POSITIVE,0.963332776943435
2024-01-13 13:00:00,Thalapathy Vijay is the leader!,97,118,NEGATIVE,0.741845411573397
2024-01-13 14:00:00,Vijay entry trending!,267,148,POSITIVE,0.6577767372215555
2024-01-13 15:00:00,Thalapathy Vijay is the leader!,236,149,NEUTRAL,0.8944725619674634
2024-01-13 16:00:00,Political impact of Vijay,308,292,POSITIVE,0.8408927488942273
2024-01-13 17:00:00,Vijay Makkal Iyakkam rocks!,454,142,NEUTRAL,0.9443762418751362
2024-01-13 18:00:00,Vijay entry trending!,393,159,POSITIVE,0.8462570063805965
2024-01-13 19:00:00,Vijay Makkal Iyakkam rocks!,172,10,NEGATIVE,0.6217641694497682
2024-01-13 20:00:00,Thalapathy Vijay is the leader!,400,137,NEUTRAL,0.9658296248795095
2024-01-13 21:00:00,Thalapathy Vijay is the leader!,409,77,NEUTRAL,0.5524178736029957
2024-01-13 22:00:00,Vijay entry trending!,468,76,NEUTRAL,0.6339713750534239
2024-01-13 23:00:00,Political impact of Vijay,475,253,POSITIVE,0.7600973038619427
2024-01-14 00:00:00,Will Vijay succeed?,189,257,POSITIVE,0.7828710130354507
2024-01-14 01:00:00,Vijay entry trending!,121,290,NEGATIVE,0.5076552933134527
2024-01-14 02:00:00,Will Vijay succeed?,45,262,NEUTRAL,0.89028636291047
2024-01-14 03:00:00,Will Vijay succeed?,63,84,NEUTRAL,0.6808036592126947
2024-01-14 04:00:00,Political impact of Vijay,129,145,POSITIVE,0.7032092705010689
2024-01-14 05:00:00,Will Vijay succeed?,309,41,POSITIVE,0.9046847722184729
2024-01-14 06:00:00,Will Vijay succeed?,362,124,NEGATIVE,0.6896416958637723
2024-01-14 07:00:00,Political impact of Vijay,192,166,NEGATIVE,0.5236124382473775
2024-01-14 08:00:00,Will Vijay succeed?,306,240,POSITIVE,0.5882198852351752
2024-01-14 09:00:00,Will Vijay succeed?,180,279,NEUTRAL,0.9779515861940912
2024-01-14 10:00:00,Will Vijay succeed?,291,187,NEGATIVE,0.5352026812012571
2024-01-14 11:00:00,Vijay entry trending!,370,18,POSITIVE,0.6774656004840081
2024-01-14 12:00:00,Vijay entry trending!,281,67,POSITIVE,0.7515895835256723
2024-01-14 13:00:00,Vijay entry trending!,28,217,NEUTRAL,0.74664041366928
2024-01-14 14:00:00,Political impact of Vijay,148,101,POSITIVE,0.5019799715060713
2024-01-14 15:00:00,Thalapathy Vijay is the leader!,266,41,POSITIVE,0.7505813657287452
2024-01-14 16:00:00,Will Vijay succeed?,295,287,NEGATIVE,0.6918862289887047
2024-01-14 17:00:00,Will Vijay succeed?,10,166,POSITIVE,0.9860396677372786
2024-01-14 18:00:00,Political impact of Vijay,163,108,POSITIVE,0.579579541996915
2024-01-14 19:00:00,Will Vijay succeed?,112,35,NEGATIVE,0.6770770983797475
2024-01-14 20:00:00,Vijay entry trending!,186,231,NEUTRAL,0.7097407425449098
2024-01-14 21:00:00,Thalapathy Vijay is the leader!,294,228,NEUTRAL,0.6953467685504744
2024-01-14 22:00:00,Vijay Makkal Iyakkam rocks!,231,163,NEGATIVE,0.8329154138259313
2024-01-14 23:00:00,Will Vijay succeed?,226,72,NEGATIVE,0.6077564287738844
2024-01-15 00:00:00,Vijay entry trending!,309,135,NEUTRAL,0.6105357764069959
2024-01-15 01:00:00,Vijay Makkal Iyakkam rocks!,97,69,NEUTRAL,0.8646054742504266
2024-01-15 02:00:00,Thalapathy Vijay is the leader!,54,195,NEUTRAL,0.7501452593390898
2024-01-15 03:00:00,Vijay Makkal Iyakkam rocks!,110,268,NEUTRAL,0.7075778380286553
2024-01-15 04:00:00,Vijay entry trending!,151,48,NEUTRAL,0.5846015258386259
2024-01-15 05:00:00,Vijay Makkal Iyakkam rocks!,245,129,NEGATIVE,0.5937636114560834
2024-01-15 06:00:00,Political impact of Vijay,405,4,POSITIVE,0.5052758184079502
2024-01-15 07:00:00,Vijay Makkal Iyakkam rocks!,68,26,NEUTRAL,0.5457131344308546
2024-01-15 08:00:00,Will Vijay succeed?,311,159,NEUTRAL,0.7784193473451205
2024-01-15 09:00:00,Will Vijay succeed?,288,148,POSITIVE,0.9459365650042049
2024-01-15 10:00:00,Political impact of Vijay,249,263,POSITIVE,0.6435823825652787
2024-01-15 11:00:00,Vijay entry trending!,35,229,POSITIVE,0.663873612948064
2024-01-15 12:00:00,Will Vijay succeed?,238,199,POSITIVE,0.5578028053057561
2024-01-15 13:00:00,Thalapathy Vijay is the leader!,147,49,POSITIVE,0.6943154728035514
2024-01-15 14:00:00,Will Vijay succeed?,466,66,POSITIVE,0.5186108522846646
2024-01-15 15:00:00,Will Vijay succeed?,226,299,NEGATIVE,0.9588003481309502
2024-01-15 16:00:00,Vijay entry trending!,243,57,POSITIVE,0.8365556740622644
2024-01-15 17:00:00,Vijay Makkal Iyakkam rocks!,490,258,POSITIVE,0.9953744046966094
2024-01-15 18:00:00,Will Vijay succeed?,336,129,NEGATIVE,0.9414115813392469
2024-01-15 19:00:00,Political impact of Vijay,445,214,POSITIVE,0.7364952968490763
2024-01-15 20:00:00,Vijay Makkal Iyakkam rocks!,364,171,NEUTRAL,0.7598425155751884
2024-01-15 21:00:00,Thalapathy Vijay is the leader!,490,257,NEUTRAL,0.5952880232585969
2024-01-15 22:00:00,Vijay entry trending!,481,101,POSITIVE,0.7310196714197779
2024-01-15 23:00:00,Thalapathy Vijay is the leader!,200,208,NEGATIVE,0.9515139367464058
2024-01-16 00:00:00,Vijay Makkal Iyakkam rocks!,153,290,NEUTRAL,0.5254267118179106
2024-01-16 01:00:00,Vijay Makkal Iyakkam rocks!,449,285,NEGATIVE,0.9317784014991548
2024-01-16 02:00:00,Vijay Makkal Iyakkam rocks!,72,115,NEUTRAL,0.6704739008213049
2024-01-16 03:00:00,Thalapathy Vijay is the leader!,200,263,POSITIVE,0.949756382548155
2024-01-16 04:00:00,Vijay Makkal Iyakkam rocks!,295,149,NEGATIVE,0.9704399531707424
2024-01-16 05:00:00,Thalapathy Vijay is the leader!,16,299,NEGATIVE,0.835432443500953
2024-01-16 06:00:00,Vijay Makkal Iyakkam rocks!,128,35,NEGATIVE,0.8322118932963389
2024-01-16 07:00:00,Political impact of Vijay,216,286,NEUTRAL,0.7263771688543701
2024-01-16 08:00:00,Vijay Makkal Iyakkam rocks!,60,207,NEUTRAL,0.9177701122718538
2024-01-16 09:00:00,Thalapathy Vijay is the leader!,426,105,NEUTRAL,0.9808063792166416
2024-01-16 10:00:00,Will Vijay succeed?,103,157,POSITIVE,0.8875409001695596
2024-01-16 11:00:00,Vijay Makkal Iyakkam rocks!,41,120,NEUTRAL,0.8109683668783546
2024-01-16 12:00:00,Will Vijay succeed?,24,54,POSITIVE,0.8033964479106683
2024-01-16 13:00:00,Political impact of Vijay,38,11,NEGATIVE,0.9247349507918312
2024-01-16 14:00:00,Vijay entry trending!,290,144,NEGATIVE,0.7706018828856491
2024-01-16 15:00:00,Political impact of Vijay,130,135,POSITIVE,0.9019299431244113
2024-01-16 16:00:00,Vijay Makkal Iyakkam rocks!,497,2,NEUTRAL,0.7544426275871229
2024-01-16 17:00:00,Will Vijay succeed?,228,143,POSITIVE,0.5312221374869621
2024-01-16 18:00:00,Will Vijay succeed?,107,29,NEGATIVE,0.6919735044520776
2024-01-16 19:00:00,Thalapathy Vijay is the leader!,171,236,NEGATIVE,0.7222204788357494
2024-01-16 20:00:00,Will Vijay succeed?,434,278,POSITIVE,0.5708086224933087
2024-01-16 21:00:00,Thalapathy Vijay is the leader!,477,114,NEUTRAL,0.5512481645946063
2024-01-16 22:00:00,Vijay entry trending!,101,103,NEUTRAL,0.7677324748284771
2024-01-16 23:00:00,Vijay Makkal Iyakkam rocks!,353,117,POSITIVE,0.542571818278041
2024-01-17 00:00:00,Thalapathy Vijay is the leader!,11,4,POSITIVE,0.6514725839450419
2024-01-17 01:00:00,Vijay entry trending!,274,247,NEUTRAL,0.872298487981538
2024-01-17 02:00:00,Will Vijay succeed?,100,120,NEGATIVE,0.9822160897839904
2024-01-17 03:00:00,Will Vijay succeed?,43,285,POSITIVE,0.8589352902759643
2024-01-17 04:00:00,Vijay entry trending!,442,148,NEUTRAL,0.996312774226435
2024-01-17 05:00:00,Will Vijay succeed?,304,83,NEUTRAL,0.8491689856397013
2024-01-17 06:00:00,Vijay entry trending!,444,230,NEGATIVE,0.6468972353271638
2024-01-17 07:00:00,Thalapathy Vijay is the leader!,16,287,NEGATIVE,0.836026270252681
2024-01-17 08:00:00,Thalapathy Vijay is the leader!,329,160,NEGATIVE,0.8510783825984519
2024-01-17 09:00:00,Vijay entry trending!,56,271,NEGATIVE,0.6858634923082303
2024-01-17 10:00:00,Thalapathy Vijay is the leader!,310,37,NEGATIVE,0.5088569253046945
2024-01-17 11:00:00,Thalapathy Vijay is the leader!,496,225,POSITIVE,0.8515998923877435
2024-01-17 12:00:00,Thalapathy Vijay is the leader!,302,141,NEUTRAL,0.5108500476377709
2024-01-17 13:00:00,Political impact of Vijay,11,291,POSITIVE,0.8155940390300356
2024-01-17 14:00:00,Vijay Makkal Iyakkam rocks!,317,150,POSITIVE,0.5818082443712775
2024-01-17 15:00:00,Will Vijay succeed?,79,113,POSITIVE,0.7828017638740217
2024-01-17 16:00:00,Political impact of Vijay,215,236,POSITIVE,0.7519565126903001
2024-01-17 17:00:00,Thalapathy Vijay is the leader!,338,65,POSITIVE,0.5067568211530913
2024-01-17 18:00:00,Vijay entry trending!,263,257,NEGATIVE,0.6814329084975517
2024-01-17 19:00:00,Thalapathy Vijay is the leader!,478,248,NEGATIVE,0.8005455836981514
2024-01-17 20:00:00,Vijay Makkal Iyakkam rocks!,148,179,NEUTRAL,0.9243032759493899
2024-01-17 21:00:00,Thalapathy Vijay is the leader!,80,189,POSITIVE,0.9443210569182586
2024-01-17 22:00:00,Vijay entry trending!,214,153,NEUTRAL,0.7419249850166116
2024-01-17 23:00:00,Vijay Makkal Iyakkam rocks!,484,195,NEGATIVE,0.8642112436497191
2024-01-18 00:00:00,Thalapathy Vijay is the leader!,373,261,NEGATIVE,0.6582272882667288
2024-01-18 01:00:00,Vijay Makkal Iyakkam rocks!,463,142,NEGATIVE,0.6710932028793287
2024-01-18 02:00:00,Will Vijay succeed?,197,100,POSITIVE,0.5972317595911569
2024-01-18 03:00:00,Will Vijay succeed?,199,243,POSITIVE,0.7809740549966196
2024-01-18 04:00:00,Thalapathy Vijay is the leader!,24,11,NEGATIVE,0.6572820754636826
2024-01-18 05:00:00,Vijay Makkal Iyakkam rocks!,465,238,NEUTRAL,0.5421854482192525
2024-01-18 06:00:00,Vijay entry trending!,88,48,NEUTRAL,0.8425030433315894
2024-01-18 07:00:00,Thalapathy Vijay is the leader!,267,41,NEGATIVE,0.853876603802699
2024-01-18 08:00:00,Will Vijay succeed?,142,165,NEUTRAL,0.6799962093895289
2024-01-18 09:00:00,Will Vijay succeed?,58,81,NEGATIVE,0.5383616997280114
2024-01-18 10:00:00,Thalapathy Vijay is the leader!,409,290,NEUTRAL,0.713148858701713
2024-01-18 11:00:00,Vijay Makkal Iyakkam rocks!,488,157,NEGATIVE,0.7211677290251077
2024-01-18 12:00:00,Will Vijay succeed?,364,215,NEUTRAL,0.8343354424489464
2024-01-18 13:00:00,Vijay Makkal Iyakkam rocks!,25,157,POSITIVE,0.6577081956293418
2024-01-18 14:00:00,Will Vijay succeed?,46,133,NEGATIVE,0.8412996398906527
2024-01-18 15:00:00,Will Vijay succeed?,287,66,NEGATIVE,0.9357442708786942
2024-01-18 16:00:00,Political impact of Vijay,265,6,NEUTRAL,0.6187430211810999
2024-01-18 17:00:00,Will Vijay succeed?,15,13,NEGATIVE,0.9894597780599499
2024-01-18 18:00:00,Vijay entry trending!,198,72,NEGATIVE,0.6931840685684034
2024-01-18 19:00:00,Thalapathy Vijay is the leader!,400,162,NEGATIVE,0.6336293425735309
2024-01-18 20:00:00,Thalapathy Vijay is the leader!,406,65,POSITIVE,0.7107555912551453
2024-01-18 21:00:00,Vijay Makkal Iyakkam rocks!,281,129,POSITIVE,0.5471987379519296
2024-01-18 22:00:00,Will Vijay succeed?,468,205,NEUTRAL,0.5628529532560578
2024-01-18 23:00:00,Vijay entry trending!,85,275,POSITIVE,0.7072170234841657
2024-01-19 00:00:00,Vijay Makkal Iyakkam rocks!,249,255,NEUTRAL,0.88122226096955
2024-01-19 01:00:00,Political impact of Vijay,390,265,POSITIVE,0.9501561197872455
2024-01-19 02:00:00,Vijay Makkal Iyakkam rocks!,269,24,NEUTRAL,0.8324089953581355
2024-01-19 03:00:00,Vijay Makkal Iyakkam rocks!,334,280,POSITIVE,0.5526097776190848
2024-01-19 04:00:00,Will Vijay succeed?,116,252,POSITIVE,0.8360098810902675
2024-01-19 05:00:00,Political impact of Vijay,6,288,NEUTRAL,0.817713960351486
2024-01-19 06:00:00,Vijay Makkal Iyakkam rocks!,136,163,NEGATIVE,0.9028819591466657
2024-01-19 07:00:00,Vijay entry trending!,370,94,NEGATIVE,0.9126243333260904
2024-01-19 08:00:00,Vijay entry trending!,175,269,POSITIVE,0.9341015378894895
2024-01-19 09:00:00,Thalapathy Vijay is the leader!,327,109,NEUTRAL,0.7070657572895491
2024-01-19 10:00:00,Political impact of Vijay,497,237,NEGATIVE,0.8489321976760722
2024-01-19 11:00:00,Political impact of Vijay,314,24,NEUTRAL,0.6341251794611553
2024-01-19 12:00:00,Thalapathy Vijay is the leader!,214,140,NEGATIVE,0.9996681399917522
2024-01-19 13:00:00,Vijay Makkal Iyakkam rocks!,476,116,NEUTRAL,0.58766712068843
2024-01-19 14:00:00,Political impact of Vijay,81,24,POSITIVE,0.5050572158304178
2024-01-19 15:00:00,Vijay entry trending!,222,78,NEUTRAL,0.574404357259088
2024-01-19 16:00:00,Vijay entry trending!,477,67,NEGATIVE,0.8879361447720633
2024-01-19 17:00:00,Will Vijay succeed?,371,172,POSITIVE,0.7233918382541058
2024-01-19 18:00:00,Political impact of Vijay,422,11,NEUTRAL,0.7237501239052142
2024-01-19 19:00:00,Vijay Makkal Iyakkam rocks!,482,287,NEGATIVE,0.9775114598058343
2024-01-19 20:00:00,Thalapathy Vijay is the leader!,401,127,POSITIVE,0.9598174540140372
2024-01-19 21:00:00,Thalapathy Vijay is the leader!,442,95,NEUTRAL,0.6555973689020046
2024-01-19 22:00:00,Vijay Makkal Iyakkam rocks!,489,91,NEGATIVE,0.6045290643904331
2024-01-19 23:00:00,Will Vijay succeed?,102,140,NEUTRAL,0.9242411049668698
2024-01-20 00:00:00,Thalapathy Vijay is the leader!,272,30,NEUTRAL,0.9530095355221816
2024-01-20 01:00:00,Political impact of Vijay,13,19,POSITIVE,0.7707984613992435
2024-01-20 02:00:00,Will Vijay succeed?,158,145,POSITIVE,0.8147118555585502
2024-01-20 03:00:00,Political impact of Vijay,151,159,NEGATIVE,0.6284571423461467
2024-01-20 04:00:00,Vijay entry trending!,482,42,POSITIVE,0.9004013439892623
2024-01-20 05:00:00,Will Vijay succeed?,107,253,NEGATIVE,0.8160612142245116
2024-01-20 06:00:00,Thalapathy Vijay is the leader!,187,129,NEUTRAL,0.7517567556489984
2024-01-20 07:00:00,Will Vijay succeed?,300,59,NEUTRAL,0.5300542780391979
2024-01-20 08:00:00,Will Vijay succeed?,97,150,NEGATIVE,0.9579674812555768
2024-01-20 09:00:00,Will Vijay succeed?,130,286,NEUTRAL,0.8077257101922031
2024-01-20 10:00:00,Will Vijay succeed?,292,4,POSITIVE,0.596345547346484
2024-01-20 11:00:00,Political impact of Vijay,170,265,NEUTRAL,0.8031930584915263
2024-01-20 12:00:00,Vijay entry trending!,423,129,POSITIVE,0.8387316771199866
2024-01-20 13:00:00,Vijay Makkal Iyakkam rocks!,473,266,NEGATIVE,0.7628851683416127
2024-01-20 14:00:00,Will Vijay succeed?,182,177,NEGATIVE,0.8590508689780112
2024-01-20 15:00:00,Thalapathy Vijay is the leader!,470,252,NEUTRAL,0.7907269739643121
2024-01-20 16:00:00,Will Vijay succeed?,363,55,NEUTRAL,0.9738847910160742
2024-01-20 17:00:00,Thalapathy Vijay is the leader!,38,82,POSITIVE,0.5268485392996534
2024-01-20 18:00:00,Political impact of Vijay,14,98,POSITIVE,0.5531228542347802
2024-01-20 19:00:00,Thalapathy Vijay is the leader!,375,148,NEUTRAL,0.5868358184771699
2024-01-20 20:00:00,Vijay Makkal Iyakkam rocks!,496,155,NEUTRAL,0.845085535302166
2024-01-20 21:00:00,Vijay entry trending!,3,189,NEGATIVE,0.8227979363749043
2024-01-20 22:00:00,Thalapathy Vijay is the leader!,348,262,NEGATIVE,0.9460294301048471
2024-01-20 23:00:00,Thalapathy Vijay is the leader!,469,79,NEGATIVE,0.8664387264419492
2024-01-21 00:00:00,Vijay entry trending!,408,251,NEUTRAL,0.7541777437822961
2024-01-21 01:00:00,Vijay Makkal Iyakkam rocks!,396,96,NEUTRAL,0.9959158962318151
2024-01-21 02:00:00,Will Vijay succeed?,209,259,NEUTRAL,0.6330539780846496
2024-01-21 03:00:00,Thalapathy Vijay is the leader!,160,259,NEGATIVE,0.916595829892727
2024-01-21 04:00:00,Vijay entry trending!,15,102,NEUTRAL,0.7133951860969596
2024-01-21 05:00:00,Political impact of Vijay,492,39,POSITIVE,0.8243675694378672
2024-01-21 06:00:00,Vijay entry trending!,425,272,NEUTRAL,0.863634235226217
2024-01-21 07:00:00,Political impact of Vijay,107,100,NEUTRAL,0.8168770435951682
2024-01-21 08:00:00,Vijay Makkal Iyakkam rocks!,381,220,NEUTRAL,0.5702536515542966
2024-01-21 09:00:00,Will Vijay succeed?,449,123,NEUTRAL,0.7214755053739663
2024-01-21 10:00:00,Vijay entry trending!,310,230,NEUTRAL,0.7807191889665621
2024-01-21 11:00:00,Thalapathy Vijay is the leader!,226,177,POSITIVE,0.9245218795892984
2024-01-21 12:00:00,Vijay Makkal Iyakkam rocks!,169,62,POSITIVE,0.7218228743992862
2024-01-21 13:00:00,Vijay entry trending!,33,115,NEUTRAL,0.9593736524021257
2024-01-21 14:00:00,Thalapathy Vijay is the leader!,413,190,NEGATIVE,0.7201871115126053
2024-01-21 15:00:00,Vijay entry trending!,250,61,NEUTRAL,0.7743899296315058
2024-01-21 16:00:00,Political impact of Vijay,246,255,NEUTRAL,0.8981428414714006
2024-01-21 17:00:00,Vijay entry trending!,268,6,NEUTRAL,0.7915338422110718
2024-01-21 18:00:00,Vijay entry trending!,140,154,NEGATIVE,0.9801090361914123
2024-01-21 19:00:00,Vijay entry trending!,273,91,NEGATIVE,0.8301679152570638
2024-01-21 20:00:00,Vijay Makkal Iyakkam rocks!,415,13,NEGATIVE,0.7613547270338006
2024-01-21 21:00:00,Vijay entry trending!,95,228,POSITIVE,0.5117959838903979
2024-01-21 22:00:00,Thalapathy Vijay is the leader!,226,85,NEGATIVE,0.7068664487901649
2024-01-21 23:00:00,Political impact of Vijay,378,132,POSITIVE,0.6496242096300802
2024-01-22 00:00:00,Political impact of Vijay,38,182,POSITIVE,0.8740528339437446
2024-01-22 01:00:00,Vijay entry trending!,301,61,NEGATIVE,0.6041388375767729
2024-01-22 02:00:00,Vijay Makkal Iyakkam rocks!,499,218,NEGATIVE,0.6026100436470359
2024-01-22 03:00:00,Vijay Makkal Iyakkam rocks!,28,245,NEGATIVE,0.5947595216186884
2024-01-22 04:00:00,Thalapathy Vijay is the leader!,445,229,POSITIVE,0.5628078065781179
2024-01-22 05:00:00,Vijay entry trending!,496,78,NEUTRAL,0.6555035018354437
2024-01-22 06:00:00,Political impact of Vijay,476,148,NEGATIVE,0.9429610572217125
2024-01-22 07:00:00,Vijay Makkal Iyakkam rocks!,317,137,NEGATIVE,0.8874642361529774
2024-01-22 08:00:00,Vijay entry trending!,244,64,NEGATIVE,0.8676256081533967
2024-01-22 09:00:00,Vijay Makkal Iyakkam rocks!,235,12,POSITIVE,0.8986684028249814
2024-01-22 10:00:00,Vijay Makkal Iyakkam rocks!,184,212,POSITIVE,0.6347089446647858
2024-01-22 11:00:00,Political impact of Vijay,271,241,NEUTRAL,0.9437208453762439
2024-01-22 12:00:00,Will Vijay succeed?,439,212,NEGATIVE,0.5686516875708022
2024-01-22 13:00:00,Thalapathy Vijay is the leader!,235,180,POSITIVE,0.668172863357791
2024-01-22 14:00:00,Thalapathy Vijay is the leader!,238,172,NEUTRAL,0.7933740594836715
2024-01-22 15:00:00,Political impact of Vijay,376,159,NEGATIVE,0.5514525441710003
2024-01-22 16:00:00,Vijay Makkal Iyakkam rocks!,265,163,POSITIVE,0.8650650938882125
2024-01-22 17:00:00,Vijay entry trending!,413,187,NEGATIVE,0.6936230241017375
2024-01-22 18:00:00,Vijay Makkal Iyakkam rocks!,408,190,NEGATIVE,0.8922028328042
2024-01-22 19:00:00,Political impact of Vijay,358,255,POSITIVE,0.7464481427923013
2024-01-22 20:00:00,Thalapathy Vijay is the leader!,339,182,POSITIVE,0.5904372622126681
2024-01-22 21:00:00,Vijay Makkal Iyakkam rocks!,388,116,POSITIVE,0.8673809056776722
2024-01-22 22:00:00,Thalapathy Vijay is the leader!,64,281,NEGATIVE,0.6260719779194718
2024-01-22 23:00:00,Vijay entry trending!,477,195,NEGATIVE,0.7454051506340214
2024-01-23 00:00:00,Thalapathy Vijay is the leader!,176,33,NEUTRAL,0.5377666345784538
2024-01-23 01:00:00,Thalapathy Vijay is the leader!,2,51,NEGATIVE,0.8089333272060184
2024-01-23 02:00:00,Will Vijay succeed?,428,111,POSITIVE,0.8329288831081386
2024-01-23 03:00:00,Will Vijay succeed?,141,251,NEGATIVE,0.6893371049863918
2024-01-23 04:00:00,Will Vijay succeed?,375,81,NEUTRAL,0.9772113901605369
2024-01-23 05:00:00,Thalapathy Vijay is the leader!,157,231,NEUTRAL,0.9370844607410342
2024-01-23 06:00:00,Political impact of Vijay,497,226,POSITIVE,0.8539704578699974
2024-01-23 07:00:00,Thalapathy Vijay is the leader!,323,232,POSITIVE,0.8568260372468713
2024-01-23 08:00:00,Political impact of Vijay,145,220,NEUTRAL,0.6262008574710756
2024-01-23 09:00:00,Political impact of Vijay,445,41,NEUTRAL,0.8284076155442245
2024-01-23 10:00:00,Will Vijay succeed?,292,20,NEUTRAL,0.5991031326177598
2024-01-23 11:00:00,Vijay Makkal Iyakkam rocks!,152,41,POSITIVE,0.5720016119599111
2024-01-23 12:00:00,Vijay entry trending!,431,112,NEUTRAL,0.99973394710129
2024-01-23 13:00:00,Will Vijay succeed?,192,104,NEUTRAL,0.811187965736587
2024-01-23 14:00:00,Will Vijay succeed?,436,191,POSITIVE,0.7154939363285953
2024-01-23 15:00:00,Vijay Makkal Iyakkam rocks!,493,16,NEGATIVE,0.6440822614419757
2024-01-23 16:00:00,Vijay entry trending!,462,119,NEGATIVE,0.8019602218311137
2024-01-23 17:00:00,Thalapathy Vijay is the leader!,72,128,NEUTRAL,0.5247967541100431
2024-01-23 18:00:00,Thalapathy Vijay is the leader!,398,129,NEGATIVE,0.5473404952523975
2024-01-23 19:00:00,Will Vijay succeed?,304,59,NEGATIVE,0.5164283488701982
2024-01-23 20:00:00,Vijay entry trending!,376,47,NEGATIVE,0.7495849166313309
2024-01-23 21:00:00,Will Vijay succeed?,343,28,NEGATIVE,0.8003033145935913
2024-01-23 22:00:00,Political impact of Vijay,451,96,NEUTRAL,0.5312398806789105
2024-01-23 23:00:00,Will Vijay succeed?,139,9,NEGATIVE,0.8606122337494583
2024-01-24 00:00:00,Will Vijay succeed?,186,241,NEGATIVE,0.6151975357572822
2024-01-24 01:00:00,Thalapathy Vijay is the leader!,292,231,POSITIVE,0.842600726884933
2024-01-24 02:00:00,Thalapathy Vijay is the leader!,60,276,NEUTRAL,0.9909485700176228
2024-01-24 03:00:00,Thalapathy Vijay is the leader!,484,283,POSITIVE,0.8455529350269255
2024-01-24 04:00:00,Political impact of Vijay,426,202,POSITIVE,0.9415965264618043
2024-01-24 05:00:00,Thalapathy Vijay is the leader!,379,246,NEUTRAL,0.9740992533715337
2024-01-24 06:00:00,Vijay entry trending!,197,289,NEGATIVE,0.7433755241761577
2024-01-24 07:00:00,Vijay Makkal Iyakkam rocks!,294,263,POSITIVE,0.8511624897098534
2024-01-24 08:00:00,Vijay entry trending!,439,213,NEUTRAL,0.9259846267779208
2024-01-24 09:00:00,Vijay entry trending!,318,199,NEGATIVE,0.6783044564371931
2024-01-24 10:00:00,Thalapathy Vijay is the leader!,301,78,NEUTRAL,0.6306986582801974
2024-01-24 11:00:00,Vijay Makkal Iyakkam rocks!,343,172,POSITIVE,0.9732992863891694
2024-01-24 12:00:00,Vijay Makkal Iyakkam rocks!,10,68,NEGATIVE,0.863151750184409
2024-01-24 13:00:00,Vijay Makkal Iyakkam rocks!,61,86,NEGATIVE,0.6098410666879132
2024-01-24 14:00:00,Political impact of Vijay,332,100,NEUTRAL,0.7245416963380567
2024-01-24 15:00:00,Thalapathy Vijay is the leader!,225,7,NEGATIVE,0.8982258847689046
2024-01-24 16:00:00,Vijay Makkal Iyakkam rocks!,152,199,POSITIVE,0.7735314954592211
2024-01-24 17:00:00,Political impact of Vijay,198,86,POSITIVE,0.8249760490829445
2024-01-24 18:00:00,Will Vijay succeed?,51,42,POSITIVE,0.8768841010225261
2024-01-24 19:00:00,Will Vijay succeed?,259,108,NEUTRAL,0.8110045944044904
2024-01-24 20:00:00,Political impact of Vijay,58,151,NEGATIVE,0.7700396609610979
2024-01-24 21:00:00,Political impact of Vijay,71,16,NEGATIVE,0.8748071421938868
2024-01-24 22:00:00,Thalapathy Vijay is the leader!,147,132,NEGATIVE,0.8637815177161003
2024-01-24 23:00:00,Thalapathy Vijay is the leader!,348,147,POSITIVE,0.8149362000915894
2024-01-25 00:00:00,Will Vijay succeed?,62,276,NEGATIVE,0.6798947066909649
2024-01-25 01:00:00,Vijay Makkal Iyakkam rocks!,309,231,POSITIVE,0.7029060461001357
2024-01-25 02:00:00,Will Vijay succeed?,372,227,NEGATIVE,0.9852192744420487
2024-01-25 03:00:00,Vijay Makkal Iyakkam rocks!,242,138,POSITIVE,0.556192966145763
2024-01-25 04:00:00,Vijay Makkal Iyakkam rocks!,492,210,NEGATIVE,0.6342524586264177
2024-01-25 05:00:00,Thalapathy Vijay is the leader!,365,27,NEUTRAL,0.7462008796021679
2024-01-25 06:00:00,Vijay entry trending!,329,50,NEUTRAL,0.9183648430718929
2024-01-25 07:00:00,Vijay entry trending!,106,260,POSITIVE,0.5818378318648639
2024-01-25 08:00:00,Political impact of Vijay,225,260,POSITIVE,0.6384773090623049
2024-01-25 09:00:00,Thalapathy Vijay is the leader!,312,7,NEGATIVE,0.5328991088976195
2024-01-25 10:00:00,Vijay Makkal Iyakkam rocks!,217,137,NEGATIVE,0.8529926330254092
2024-01-25 11:00:00,Vijay entry trending!,424,37,NEUTRAL,0.6191047177378081
2024-01-25 12:00:00,Vijay Makkal Iyakkam rocks!,240,110,NEGATIVE,0.6943373753354752
2024-01-25 13:00:00,Vijay entry trending!,258,219,POSITIVE,0.7218507235148339
2024-01-25 14:00:00,Vijay entry trending!,375,222,POSITIVE,0.9456569678032278
2024-01-25 15:00:00,Vijay entry trending!,261,135,POSITIVE,0.7056651451656184
2024-01-25 16:00:00,Thalapathy Vijay is the leader!,4,255,POSITIVE,0.5726125099576245
2024-01-25 17:00:00,Will Vijay succeed?,260,48,POSITIVE,0.7621574691700606
2024-01-25 18:00:00,Vijay Makkal Iyakkam rocks!,53,291,NEUTRAL,0.9814789973243148
2024-01-25 19:00:00,Thalapathy Vijay is the leader!,46,77,NEUTRAL,0.8038428205254056
2024-01-25 20:00:00,Thalapathy Vijay is the leader!,214,104,POSITIVE,0.9916936102302862
2024-01-25 21:00:00,Thalapathy Vijay is the leader!,176,168,NEGATIVE,0.920553654469435
2024-01-25 22:00:00,Thalapathy Vijay is the leader!,8,216,POSITIVE,0.5179828781067064
2024-01-25 23:00:00,Thalapathy Vijay is the leader!,98,118,NEUTRAL,0.8291997976885209
2024-01-26 00:00:00,Political impact of Vijay,19,189,POSITIVE,0.6433834387789419
2024-01-26 01:00:00,Vijay Makkal Iyakkam rocks!,377,254,NEUTRAL,0.7798084278223619
2024-01-26 02:00:00,Thalapathy Vijay is the leader!,240,265,NEUTRAL,0.6396725954656133
2024-01-26 03:00:00,Vijay Makkal Iyakkam rocks!,60,148,POSITIVE,0.6744352083026453
2024-01-26 04:00:00,Political impact of Vijay,378,163,POSITIVE,0.9615843558770897
2024-01-26 05:00:00,Political impact of Vijay,489,139,NEGATIVE,0.6033215924458526
2024-01-26 06:00:00,Vijay Makkal Iyakkam rocks!,418,257,NEUTRAL,0.9370545590129152
2024-01-26 07:00:00,Vijay entry trending!,177,268,NEGATIVE,0.5152289040352485
2024-01-26 08:00:00,Will Vijay succeed?,337,180,POSITIVE,0.5454382691848242
2024-01-26 09:00:00,Vijay entry trending!,61,159,NEUTRAL,0.9273375206921317
2024-01-26 10:00:00,Vijay entry trending!,144,287,NEGATIVE,0.8152780154545977
2024-01-26 11:00:00,Vijay entry trending!,215,287,NEGATIVE,0.8736180690197751
2024-01-26 12:00:00,Thalapathy Vijay is the leader!,2,225,NEGATIVE,0.6047088354109271
2024-01-26 13:00:00,Political impact of Vijay,159,10,POSITIVE,0.7685417277950517
2024-01-26 14:00:00,Vijay entry trending!,226,9,POSITIVE,0.8686096117856523
2024-01-26 15:00:00,Political impact of Vijay,485,270,POSITIVE,0.8136570685051312
2024-01-26 16:00:00,Vijay Makkal Iyakkam rocks!,268,272,NEUTRAL,0.7358493834456048
2024-01-26 17:00:00,Will Vijay succeed?,119,182,POSITIVE,0.9798918932188574
2024-01-26 18:00:00,Vijay Makkal Iyakkam rocks!,380,152,NEUTRAL,0.8380786667267226
2024-01-26 19:00:00,Vijay Makkal Iyakkam rocks!,494,123,NEGATIVE,0.9538754001206189
2024-01-26 20:00:00,Thalapathy Vijay is the leader!,88,113,NEGATIVE,0.8648852557868406
2024-01-26 21:00:00,Will Vijay succeed?,328,277,POSITIVE,0.8677317642988416
2024-01-26 22:00:00,Vijay Makkal Iyakkam rocks!,67,212,NEGATIVE,0.5400091348788396
2024-01-26 23:00:00,Vijay Makkal Iyakkam rocks!,397,171,POSITIVE,0.6797323109269717
2024-01-27 00:00:00,Will Vijay succeed?,356,287,NEUTRAL,0.9291847033598293
2024-01-27 01:00:00,Will Vijay succeed?,97,173,NEGATIVE,0.616301931074378
2024-01-27 02:00:00,Vijay Makkal Iyakkam rocks!,266,112,POSITIVE,0.5577529330782331
2024-01-27 03:00:00,Will Vijay succeed?,104,121,NEGATIVE,0.6630530283193967
2024-01-27 04:00:00,Vijay Makkal Iyakkam rocks!,439,31,NEGATIVE,0.6102189424463069
2024-01-27 05:00:00,Vijay Makkal Iyakkam rocks!,322,221,POSITIVE,0.9626440973965775
2024-01-27 06:00:00,Thalapathy Vijay is the leader!,122,118,NEGATIVE,0.9339833210010655
2024-01-27 07:00:00,Vijay entry trending!,475,38,NEGATIVE,0.7498416151414521
2024-01-27 08:00:00,Vijay Makkal Iyakkam rocks!,28,267,NEGATIVE,0.530671937241934
2024-01-27 09:00:00,Political impact of Vijay,136,232,NEGATIVE,0.8572811730465781
2024-01-27 10:00:00,Vijay entry trending!,194,17,NEUTRAL,0.8117058656681323
2024-01-27 11:00:00,Vijay entry trending!,408,148,NEGATIVE,0.9852773353642479
2024-01-27 12:00:00,Vijay entry trending!,225,148,NEGATIVE,0.7794766201351885
2024-01-27 13:00:00,Thalapathy Vijay is the leader!,331,125,POSITIVE,0.6681968617014546
2024-01-27 14:00:00,Vijay Makkal Iyakkam rocks!,169,237,NEUTRAL,0.7595108467892779
2024-01-27 15:00:00,Thalapathy Vijay is the leader!,8,134,POSITIVE,0.9896316457022581
2024-01-27 16:00:00,Vijay Makkal Iyakkam rocks!,462,150,POSITIVE,0.8481812162665152
2024-01-27 17:00:00,Thalapathy Vijay is the leader!,39,235,POSITIVE,0.8359880689635255
2024-01-27 18:00:00,Thalapathy Vijay is the leader!,24,223,NEUTRAL,0.6203407948629427
2024-01-27 19:00:00,Political impact of Vijay,260,202,POSITIVE,0.8718012587803088
2024-01-27 20:00:00,Thalapathy Vijay is the leader!,394,255,POSITIVE,0.8751359147358859
2024-01-27 21:00:00,Will Vijay succeed?,442,85,POSITIVE,0.6586444918879526
2024-01-27 22:00:00,Political impact of Vijay,225,149,NEGATIVE,0.7418569161953565
2024-01-27 23:00:00,Thalapathy Vijay is the leader!,471,234,POSITIVE,0.647301666470228
2024-01-28 00:00:00,Vijay entry trending!,123,21,NEUTRAL,0.6293525351621434
2024-01-28 01:00:00,Will Vijay succeed?,462,284,NEUTRAL,0.5129480351247426
2024-01-28 02:00:00,Will Vijay succeed?,37,268,NEGATIVE,0.6426058723266661
2024-01-28 03:00:00,Will Vijay succeed?,327,257,NEUTRAL,0.7769849749391374
2024-01-28 04:00:00,Political impact of Vijay,250,28,NEUTRAL,0.5008005937745144
2024-01-28 05:00:00,Thalapathy Vijay is the leader!,388,212,NEGATIVE,0.6416095419048338
2024-01-28 06:00:00,Thalapathy Vijay is the leader!,175,282,POSITIVE,0.940705166161625
2024-01-28 07:00:00,Vijay entry trending!,89,49,NEGATIVE,0.7968242925536804
2024-01-28 08:00:00,Vijay entry trending!,401,94,POSITIVE,0.8039314120404902
2024-01-28 09:00:00,Will Vijay succeed?,453,87,POSITIVE,0.7016821525131767
2024-01-28 10:00:00,Vijay entry trending!,36,43,NEUTRAL,0.8382360717462055
2024-01-28 11:00:00,Political impact of Vijay,315,277,NEGATIVE,0.5949663831151796
2024-01-28 12:00:00,Thalapathy Vijay is the leader!,175,170,NEUTRAL,0.9093734051920959
2024-01-28 13:00:00,Will Vijay succeed?,460,188,NEUTRAL,0.55834455996795
2024-01-28 14:00:00,Vijay entry trending!,283,183,POSITIVE,0.8280006773265547
2024-01-28 15:00:00,Political impact of Vijay,452,2,NEUTRAL,0.6705746629098415
2024-01-28 16:00:00,Political impact of Vijay,460,190,NEGATIVE,0.8737564852912384
2024-01-28 17:00:00,Vijay entry trending!,80,117,NEUTRAL,0.77488227563301
2024-01-28 18:00:00,Thalapathy Vijay is the leader!,113,18,NEUTRAL,0.7261765192393581
2024-01-28 19:00:00,Vijay entry trending!,39,22,POSITIVE,0.5847112010466236
2024-01-28 20:00:00,Will Vijay succeed?,300,29,NEGATIVE,0.8184107321421764
2024-01-28 21:00:00,Vijay entry trending!,223,294,NEUTRAL,0.9873849217102065
2024-01-28 22:00:00,Political impact of Vijay,317,107,POSITIVE,0.9128017124535075
2024-01-28 23:00:00,Vijay entry trending!,348,280,NEUTRAL,0.5300040962945058
2024-01-29 00:00:00,Thalapathy Vijay is the leader!,114,127,NEGATIVE,0.6881146891805956
2024-01-29 01:00:00,Vijay Makkal Iyakkam rocks!,185,228,NEUTRAL,0.9627915045951358
2024-01-29 02:00:00,Vijay entry trending!,322,110,NEUTRAL,0.7515218737785108
2024-01-29 03:00:00,Thalapathy Vijay is the leader!,55,135,POSITIVE,0.8310559129040895
2024-01-29 04:00:00,Thalapathy Vijay is the leader!,39,185,NEUTRAL,0.9562996727956952
2024-01-29 05:00:00,Political impact of Vijay,353,143,POSITIVE,0.9368973452099403
2024-01-29 06:00:00,Thalapathy Vijay is the leader!,39,71,NEGATIVE,0.7509101877702555
2024-01-29 07:00:00,Thalapathy Vijay is the leader!,346,128,NEUTRAL,0.718823151328801
2024-01-29 08:00:00,Thalapathy Vijay is the leader!,460,260,NEGATIVE,0.6698463092397935
2024-01-29 09:00:00,Thalapathy Vijay is the leader!,236,2,NEGATIVE,0.8595097215814456
2024-01-29 10:00:00,Will Vijay succeed?,288,103,NEUTRAL,0.6434933997357717
2024-01-29 11:00:00,Will Vijay succeed?,261,223,POSITIVE,0.6249438032154501
2024-01-29 12:00:00,Political impact of Vijay,215,9,NEGATIVE,0.67812494730189
2024-01-29 13:00:00,Vijay entry trending!,146,230,NEGATIVE,0.588607528439396
2024-01-29 14:00:00,Thalapathy Vijay is the leader!,335,218,NEUTRAL,0.8475599079728837
2024-01-29 15:00:00,Vijay entry trending!,167,65,NEUTRAL,0.8081203246653061
2024-01-29 16:00:00,Vijay entry trending!,91,111,NEUTRAL,0.7414392670579217
2024-01-29 17:00:00,Political impact of Vijay,352,12,NEUTRAL,0.6951628896307773
2024-01-29 18:00:00,Thalapathy Vijay is the leader!,58,85,NEUTRAL,0.9545312714483658
2024-01-29 19:00:00,Thalapathy Vijay is the leader!,58,233,NEUTRAL,0.5145618924945526
2024-01-29 20:00:00,Vijay Makkal Iyakkam rocks!,303,89,POSITIVE,0.8845538717536496
2024-01-29 21:00:00,Vijay entry trending!,168,53,NEGATIVE,0.9509547858744444
2024-01-29 22:00:00,Vijay entry trending!,268,11,POSITIVE,0.723177289714963
2024-01-29 23:00:00,Will Vijay succeed?,362,208,POSITIVE,0.7753452457353234
2024-01-30 00:00:00,Vijay Makkal Iyakkam rocks!,44,13,NEUTRAL,0.9722318439410189
2024-01-30 01:00:00,Will Vijay succeed?,344,120,NEGATIVE,0.6061387576427573
2024-01-30 02:00:00,Will Vijay succeed?,180,19,POSITIVE,0.7600674238923424
2024-01-30 03:00:00,Will Vijay succeed?,169,74,NEUTRAL,0.7373605635641065
2024-01-30 04:00:00,Political impact of Vijay,355,242,NEUTRAL,0.629196323935185
2024-01-30 05:00:00,Political impact of Vijay,190,222,NEGATIVE,0.909296615186554
2024-01-30 06:00:00,Will Vijay succeed?,154,69,POSITIVE,0.949800297381618
2024-01-30 07:00:00,Vijay Makkal Iyakkam rocks!,421,210,POSITIVE,0.8909662898941044
2024-01-30 08:00:00,Vijay entry trending!,187,100,POSITIVE,0.5976794804243042
2024-01-30 09:00:00,Vijay Makkal Iyakkam rocks!,6,185,NEUTRAL,0.5433743177506908
2024-01-30 10:00:00,Thalapathy Vijay is the leader!,132,131,NEGATIVE,0.8027222426526712
2024-01-30 11:00:00,Political impact of Vijay,234,110,NEGATIVE,0.528547380254942
2024-01-30 12:00:00,Vijay entry trending!,44,131,POSITIVE,0.8364129442790421
2024-01-30 13:00:00,Vijay entry trending!,313,19,NEUTRAL,0.7652121101636213
2024-01-30 14:00:00,Thalapathy Vijay is the leader!,248,23,POSITIVE,0.8313928663718317
2024-01-30 15:00:00,Thalapathy Vijay is the leader!,498,226,NEGATIVE,0.795085386824872
2024-01-30 16:00:00,Will Vijay succeed?,30,153,NEUTRAL,0.7113512847635863
2024-01-30 17:00:00,Political impact of Vijay,22,292,POSITIVE,0.6004385900701141
2024-01-30 18:00:00,Political impact of Vijay,425,229,POSITIVE,0.6528510679052443
2024-01-30 19:00:00,Vijay Makkal Iyakkam rocks!,393,201,NEUTRAL,0.7622502871094883
2024-01-30 20:00:00,Will Vijay succeed?,159,37,NEGATIVE,0.825934046823803
2024-01-30 21:00:00,Will Vijay succeed?,362,259,NEUTRAL,0.8897415084422642
2024-01-30 22:00:00,Will Vijay succeed?,436,187,POSITIVE,0.8835853592245304
2024-01-30 23:00:00,Will Vijay succeed?,157,56,POSITIVE,0.9863443716305427
2024-01-31 00:00:00,Political impact of Vijay,38,19,POSITIVE,0.6429207243317048
2024-01-31 01:00:00,Political impact of Vijay,414,272,POSITIVE,0.5355553541067184
2024-01-31 02:00:00,Will Vijay succeed?,81,118,NEGATIVE,0.6728284677709296
2024-01-31 03:00:00,Vijay Makkal Iyakkam rocks!,355,70,NEGATIVE,0.8716472376120383
2024-01-31 04:00:00,Vijay entry trending!,257,3,POSITIVE,0.7190558255166476
2024-01-31 05:00:00,Vijay entry trending!,205,220,NEGATIVE,0.9088942152947097
2024-01-31 06:00:00,Vijay Makkal Iyakkam rocks!,76,13,NEGATIVE,0.7746631825930075
2024-01-31 07:00:00,Will Vijay succeed?,476,2,NEGATIVE,0.9648958613152515
2024-01-31 08:00:00,Political impact of Vijay,11,215,POSITIVE,0.9739317209995344
2024-01-31 09:00:00,Vijay entry trending!,294,228,NEUTRAL,0.5346522530093744
2024-01-31 10:00:00,Thalapathy Vijay is the leader!,449,185,NEUTRAL,0.7282067198562121
2024-01-31 11:00:00,Thalapathy Vijay is the leader!,223,54,NEUTRAL,0.804844530624784
2024-01-31 12:00:00,Vijay Makkal Iyakkam rocks!,12,253,POSITIVE,0.6279362704061064
2024-01-31 13:00:00,Will Vijay succeed?,45,23,NEGATIVE,0.7035383896894901
2024-01-31 14:00:00,Vijay entry trending!,154,161,NEGATIVE,0.8388407705588492
2024-01-31 15:00:00,Will Vijay succeed?,112,157,POSITIVE,0.6133671134491807
2024-01-31 16:00:00,Vijay entry trending!,232,81,POSITIVE,0.8009906764872262
2024-01-31 17:00:00,Vijay Makkal Iyakkam rocks!,16,158,NEUTRAL,0.848723914082153
2024-01-31 18:00:00,Vijay Makkal Iyakkam rocks!,359,187,NEUTRAL,0.5452481555479334
2024-01-31 19:00:00,Thalapathy Vijay is the leader!,222,59,POSITIVE,0.7487646580137264
2024-01-31 20:00:00,Will Vijay succeed?,353,210,NEUTRAL,0.6315400149620953
2024-01-31 21:00:00,Thalapathy Vijay is the leader!,187,151,NEGATIVE,0.8621931779990223
2024-01-31 22:00:00,Will Vijay succeed?,447,108,POSITIVE,0.5947777542684702
2024-01-31 23:00:00,Thalapathy Vijay is the leader!,343,75,POSITIVE,0.9461189577690532
2024-02-01 00:00:00,Political impact of Vijay,364,29,NEGATIVE,0.7154706682591634
2024-02-01 01:00:00,Political impact of Vijay,162,116,NEGATIVE,0.5990015151537768
2024-02-01 02:00:00,Political impact of Vijay,495,191,NEGATIVE,0.7190108981751646
2024-02-01 03:00:00,Political impact of Vijay,325,18,NEUTRAL,0.7043718814042639
2024-02-01 04:00:00,Vijay entry trending!,466,172,POSITIVE,0.7144594797468551
2024-02-01 05:00:00,Political impact of Vijay,413,227,NEUTRAL,0.7927806467487235
2024-02-01 06:00:00,Vijay Makkal Iyakkam rocks!,454,182,NEGATIVE,0.7605868624567688
2024-02-01 07:00:00,Vijay Makkal Iyakkam rocks!,73,112,NEUTRAL,0.5748885658404513
2024-02-01 08:00:00,Vijay entry trending!,232,182,NEGATIVE,0.5327895363233182
2024-02-01 09:00:00,Political impact of Vijay,223,145,NEUTRAL,0.8647077243632703
2024-02-01 10:00:00,Political impact of Vijay,481,115,NEUTRAL,0.7798587179641567
2024-02-01 11:00:00,Political impact of Vijay,318,112,NEGATIVE,0.6795003840396319
2024-02-01 12:00:00,Thalapathy Vijay is the leader!,411,250,NEUTRAL,0.9041789112490369
2024-02-01 13:00:00,Will Vijay succeed?,59,250,POSITIVE,0.6940292371304785
2024-02-01 14:00:00,Thalapathy Vijay is the leader!,334,117,NEUTRAL,0.8979825448003038
2024-02-01 15:00:00,Will Vijay succeed?,221,160,NEUTRAL,0.6528780637561873
2024-02-01 16:00:00,Political impact of Vijay,36,197,POSITIVE,0.5364226487725998
2024-02-01 17:00:00,Political impact of Vijay,476,259,NEGATIVE,0.9663198468999645
2024-02-01 18:00:00,Thalapathy Vijay is the leader!,277,147,POSITIVE,0.6972755646406865
2024-02-01 19:00:00,Thalapathy Vijay is the leader!,195,239,NEUTRAL,0.8963462864246889
2024-02-01 20:00:00,Will Vijay succeed?,403,46,NEGATIVE,0.6395720666111522
2024-02-01 21:00:00,Vijay Makkal Iyakkam rocks!,351,197,NEUTRAL,0.823182556061828
2024-02-01 22:00:00,Will Vijay succeed?,483,46,NEUTRAL,0.9366554366288642
2024-02-01 23:00:00,Thalapathy Vijay is the leader!,241,77,POSITIVE,0.5208220111699902
2024-02-02 00:00:00,Thalapathy Vijay is the leader!,323,123,POSITIVE,0.9153178823430446
2024-02-02 01:00:00,Vijay entry trending!,218,74,NEGATIVE,0.7856665024859644
2024-02-02 02:00:00,Thalapathy Vijay is the leader!,191,136,NEGATIVE,0.8037358769542846
2024-02-02 03:00:00,Vijay entry trending!,16,89,NEGATIVE,0.7615790004029913
2024-02-02 04:00:00,Vijay Makkal Iyakkam rocks!,11,60,NEUTRAL,0.9372375516418212
2024-02-02 05:00:00,Will Vijay succeed?,405,137,POSITIVE,0.5217166786178187
2024-02-02 06:00:00,Will Vijay succeed?,400,49,POSITIVE,0.6305141957679241
2024-02-02 07:00:00,Vijay entry trending!,393,258,POSITIVE,0.9378812694295777
2024-02-02 08:00:00,Will Vijay succeed?,373,106,NEGATIVE,0.876172851265978
2024-02-02 09:00:00,Thalapathy Vijay is the leader!,192,112,POSITIVE,0.5088225800893029
2024-02-02 10:00:00,Political impact of Vijay,21,253,POSITIVE,0.7585031416048543
2024-02-02 11:00:00,Vijay entry trending!,473,117,POSITIVE,0.7647863403563374
2024-02-02 12:00:00,Will Vijay succeed?,119,197,NEGATIVE,0.7004410675639552
2024-02-02 13:00:00,Vijay entry trending!,209,50,POSITIVE,0.6486966660309949
2024-02-02 14:00:00,Vijay entry trending!,305,244,NEGATIVE,0.840862425206171
2024-02-02 15:00:00,Political impact of Vijay,269,34,POSITIVE,0.603895232352377
2024-02-02 16:00:00,Thalapathy Vijay is the leader!,191,68,POSITIVE,0.899474281035853
2024-02-02 17:00:00,Vijay entry trending!,174,48,POSITIVE,0.9015185803837359
2024-02-02 18:00:00,Will Vijay succeed?,284,73,NEGATIVE,0.7076307187864103
2024-02-02 19:00:00,Vijay Makkal Iyakkam rocks!,203,191,NEGATIVE,0.6417740054548238
2024-02-02 20:00:00,Vijay entry trending!,163,260,POSITIVE,0.6419390907953566
2024-02-02 21:00:00,Vijay entry trending!,250,69,NEUTRAL,0.741145661998105
2024-02-02 22:00:00,Political impact of Vijay,226,89,NEGATIVE,0.8597896123746793
2024-02-02 23:00:00,Thalapathy Vijay is the leader!,435,259,NEGATIVE,0.6794343454969294
2024-02-03 00:00:00,Vijay Makkal Iyakkam rocks!,380,125,POSITIVE,0.8050216727288757
2024-02-03 01:00:00,Will Vijay succeed?,459,230,NEUTRAL,0.6912422302912972
2024-02-03 02:00:00,Vijay Makkal Iyakkam rocks!,6,294,POSITIVE,0.6522615945756917
2024-02-03 03:00:00,Will Vijay succeed?,28,128,NEGATIVE,0.5124297579578971
2024-02-03 04:00:00,Thalapathy Vijay is the leader!,394,279,NEGATIVE,0.5019570528676953
2024-02-03 05:00:00,Will Vijay succeed?,32,99,POSITIVE,0.6136038389160022
2024-02-03 06:00:00,Political impact of Vijay,133,296,POSITIVE,0.7032031434004977
2024-02-03 07:00:00,Political impact of Vijay,366,181,NEUTRAL,0.9256305836810301
2024-02-03 08:00:00,Political impact of Vijay,78,173,NEUTRAL,0.8992421214652127
2024-02-03 09:00:00,Political impact of Vijay,415,187,NEGATIVE,0.633582631293995
2024-02-03 10:00:00,Vijay Makkal Iyakkam rocks!,434,56,NEUTRAL,0.6222702214921496
2024-02-03 11:00:00,Thalapathy Vijay is the leader!,458,30,NEUTRAL,0.6136610355350137
2024-02-03 12:00:00,Will Vijay succeed?,57,83,NEGATIVE,0.6696186702644336
2024-02-03 13:00:00,Will Vijay succeed?,470,151,NEGATIVE,0.7490993597808426
2024-02-03 14:00:00,Political impact of Vijay,25,35,NEGATIVE,0.7193338860157877
2024-02-03 15:00:00,Political impact of Vijay,481,212,NEGATIVE,0.6091365993907469
2024-02-03 16:00:00,Vijay entry trending!,429,105,POSITIVE,0.565225704971809
2024-02-03 17:00:00,Thalapathy Vijay is the leader!,225,219,NEGATIVE,0.5062889062430977
2024-02-03 18:00:00,Vijay Makkal Iyakkam rocks!,284,162,NEGATIVE,0.576981619333252
2024-02-03 19:00:00,Will Vijay succeed?,3,219,NEGATIVE,0.8526781850970591
2024-02-03 20:00:00,Vijay entry trending!,464,269,NEUTRAL,0.6218192846727915
2024-02-03 21:00:00,Vijay entry trending!,98,119,NEGATIVE,0.734300905060755
2024-02-03 22:00:00,Will Vijay succeed?,396,181,POSITIVE,0.7956505744616224
2024-02-03 23:00:00,Vijay Makkal Iyakkam rocks!,488,105,POSITIVE,0.9434204514158036
2024-02-04 00:00:00,Vijay entry trending!,38,216,NEGATIVE,0.9444275491967098
2024-02-04 01:00:00,Vijay entry trending!,270,204,POSITIVE,0.8728668668406795
2024-02-04 02:00:00,Thalapathy Vijay is the leader!,374,69,NEUTRAL,0.5175784960242507
2024-02-04 03:00:00,Vijay Makkal Iyakkam rocks!,284,43,NEGATIVE,0.7875352095427075
2024-02-04 04:00:00,Vijay entry trending!,156,227,POSITIVE,0.8932917354157532
2024-02-04 05:00:00,Vijay Makkal Iyakkam rocks!,74,183,POSITIVE,0.5086440223816816
2024-02-04 06:00:00,Will Vijay succeed?,371,106,NEGATIVE,0.7748423068282891
2024-02-04 07:00:00,Political impact of Vijay,287,83,POSITIVE,0.9288820728930147
2024-02-04 08:00:00,Vijay entry trending!,129,249,NEGATIVE,0.7370510379211335
2024-02-04 09:00:00,Thalapathy Vijay is the leader!,174,20,POSITIVE,0.5020531014487242
2024-02-04 10:00:00,Will Vijay succeed?,461,195,NEUTRAL,0.5055066791678038
2024-02-04 11:00:00,Vijay Makkal Iyakkam rocks!,83,177,POSITIVE,0.7083180187068753
2024-02-04 12:00:00,Will Vijay succeed?,21,6,POSITIVE,0.5775043337083773
2024-02-04 13:00:00,Vijay entry trending!,458,69,NEGATIVE,0.8322253285466298
2024-02-04 14:00:00,Vijay Makkal Iyakkam rocks!,26,126,POSITIVE,0.8543996324530769
2024-02-04 15:00:00,Political impact of Vijay,194,159,NEGATIVE,0.5889398977303143
2024-02-04 16:00:00,Will Vijay succeed?,336,247,NEUTRAL,0.9442666442622425
2024-02-04 17:00:00,Vijay entry trending!,381,202,NEGATIVE,0.720953922489463
2024-02-04 18:00:00,Thalapathy Vijay is the leader!,235,147,NEGATIVE,0.5714229537959619
2024-02-04 19:00:00,Vijay Makkal Iyakkam rocks!,439,142,POSITIVE,0.8821257990346978
2024-02-04 20:00:00,Will Vijay succeed?,91,198,NEUTRAL,0.8949872500083864
2024-02-04 21:00:00,Will Vijay succeed?,476,153,NEGATIVE,0.8196477363327288
2024-02-04 22:00:00,Political impact of Vijay,20,141,POSITIVE,0.9267327766012765
2024-02-04 23:00:00,Political impact of Vijay,302,164,POSITIVE,0.8686864860153356
2024-02-05 00:00:00,Thalapathy Vijay is the leader!,463,20,NEGATIVE,0.9411028686134952
2024-02-05 01:00:00,Thalapathy Vijay is the leader!,356,81,POSITIVE,0.7169440242427397
2024-02-05 02:00:00,Vijay entry trending!,442,68,NEGATIVE,0.8737985640497212
2024-02-05 03:00:00,Vijay entry trending!,83,130,NEGATIVE,0.9998757817145222
2024-02-05 04:00:00,Thalapathy Vijay is the leader!,261,86,NEGATIVE,0.8624655987598095
2024-02-05 05:00:00,Thalapathy Vijay is the leader!,146,217,NEUTRAL,0.5570918901185661
2024-02-05 06:00:00,Vijay Makkal Iyakkam rocks!,440,160,NEGATIVE,0.7591593612145915
2024-02-05 07:00:00,Political impact of Vijay,452,177,POSITIVE,0.7936738956215139
2024-02-05 08:00:00,Vijay entry trending!,386,116,NEUTRAL,0.5871053375356955
2024-02-05 09:00:00,Political impact of Vijay,256,195,POSITIVE,0.9814458170890188
2024-02-05 10:00:00,Political impact of Vijay,57,85,NEUTRAL,0.5877898888173081
2024-02-05 11:00:00,Thalapathy Vijay is the leader!,379,288,NEUTRAL,0.5887789598566113
2024-02-05 12:00:00,Vijay Makkal Iyakkam rocks!,421,80,NEUTRAL,0.9575835689872775
2024-02-05 13:00:00,Will Vijay succeed?,14,151,NEUTRAL,0.7326027165608355
2024-02-05 14:00:00,Vijay Makkal Iyakkam rocks!,161,60,POSITIVE,0.5315941396372581
2024-02-05 15:00:00,Vijay Makkal Iyakkam rocks!,444,60,NEGATIVE,0.7990937499692643
2024-02-05 16:00:00,Political impact of Vijay,162,27,POSITIVE,0.8009131743165239
2024-02-05 17:00:00,Vijay Makkal Iyakkam rocks!,319,42,NEGATIVE,0.5322503793432809
2024-02-05 18:00:00,Vijay entry trending!,496,168,POSITIVE,0.986261247816831
2024-02-05 19:00:00,Political impact of Vijay,280,85,NEUTRAL,0.7720149826472877
2024-02-05 20:00:00,Vijay entry trending!,279,176,NEUTRAL,0.7798978610898821
2024-02-05 21:00:00,Will Vijay succeed?,11,16,NEGATIVE,0.7600577072511973
2024-02-05 22:00:00,Political impact of Vijay,273,97,NEGATIVE,0.8053658898223099
2024-02-05 23:00:00,Will Vijay succeed?,270,197,POSITIVE,0.6321498763868775
2024-02-06 00:00:00,Political impact of Vijay,491,97,NEGATIVE,0.6436206739874204
2024-02-06 01:00:00,Thalapathy Vijay is the leader!,207,64,POSITIVE,0.7556695448980664
2024-02-06 02:00:00,Vijay Makkal Iyakkam rocks!,26,4,NEGATIVE,0.9033429273817898
2024-02-06 03:00:00,Thalapathy Vijay is the leader!,71,1,NEGATIVE,0.5249322882470895
2024-02-06 04:00:00,Will Vijay succeed?,59,21,NEGATIVE,0.801702106110123
2024-02-06 05:00:00,Vijay Makkal Iyakkam rocks!,429,111,NEUTRAL,0.9033890712531569
2024-02-06 06:00:00,Political impact of Vijay,472,56,NEUTRAL,0.5784586360186136
2024-02-06 07:00:00,Vijay Makkal Iyakkam rocks!,144,65,POSITIVE,0.5075112709902831
2024-02-06 08:00:00,Vijay entry trending!,92,97,NEGATIVE,0.656356647570729
2024-02-06 09:00:00,Vijay Makkal Iyakkam rocks!,308,143,POSITIVE,0.794071853364799
2024-02-06 10:00:00,Vijay entry trending!,7,124,NEGATIVE,0.5691415867023739
2024-02-06 11:00:00,Vijay Makkal Iyakkam rocks!,78,166,NEUTRAL,0.7130611854862428
2024-02-06 12:00:00,Vijay entry trending!,26,85,NEUTRAL,0.7761607486871389
2024-02-06 13:00:00,Will Vijay succeed?,173,75,NEGATIVE,0.7994415473786586
2024-02-06 14:00:00,Thalapathy Vijay is the leader!,49,293,NEGATIVE,0.6372058605001876
2024-02-06 15:00:00,Political impact of Vijay,499,58,NEUTRAL,0.7000148179931457
2024-02-06 16:00:00,Vijay Makkal Iyakkam rocks!,198,137,NEUTRAL,0.8891696145337793
2024-02-06 17:00:00,Thalapathy Vijay is the leader!,386,98,POSITIVE,0.9706073470603427
2024-02-06 18:00:00,Political impact of Vijay,348,191,NEUTRAL,0.9309401655591286
2024-02-06 19:00:00,Political impact of Vijay,447,242,NEGATIVE,0.7821417508667159
2024-02-06 20:00:00,Vijay entry trending!,427,48,POSITIVE,0.7051464014719733
2024-02-06 21:00:00,Will Vijay succeed?,180,31,NEGATIVE,0.6664783071857091
2024-02-06 22:00:00,Will Vijay succeed?,23,276,POSITIVE,0.562478283042009
2024-02-06 23:00:00,Thalapathy Vijay is the leader!,315,19,NEGATIVE,0.5532756236080565
2024-02-07 00:00:00,Will Vijay succeed?,377,153,NEUTRAL,0.8441788124568288
2024-02-07 01:00:00,Vijay Makkal Iyakkam rocks!,386,67,NEGATIVE,0.6298972080855803
2024-02-07 02:00:00,Will Vijay succeed?,403,213,POSITIVE,0.6273308432162235
2024-02-07 03:00:00,Thalapathy Vijay is the leader!,45,142,NEGATIVE,0.9990975272388929
2024-02-07 04:00:00,Will Vijay succeed?,14,231,POSITIVE,0.5939629789368976
2024-02-07 05:00:00,Vijay Makkal Iyakkam rocks!,152,212,NEGATIVE,0.5740298797444148
2024-02-07 06:00:00,Vijay entry trending!,221,78,NEUTRAL,0.5493426138799603
2024-02-07 07:00:00,Thalapathy Vijay is the leader!,205,213,NEUTRAL,0.7899026725833981
2024-02-07 08:00:00,Vijay entry trending!,454,115,NEGATIVE,0.8139319130010507
2024-02-07 09:00:00,Vijay entry trending!,272,91,NEGATIVE,0.6826139631284409
2024-02-07 10:00:00,Vijay entry trending!,381,269,NEGATIVE,0.7677066677557338
2024-02-07 11:00:00,Political impact of Vijay,235,167,POSITIVE,0.8941997654724563
2024-02-07 12:00:00,Political impact of Vijay,339,57,NEGATIVE,0.9090520841608742
2024-02-07 13:00:00,Vijay entry trending!,227,283,NEGATIVE,0.9789560378578241
2024-02-07 14:00:00,Thalapathy Vijay is the leader!,8,25,POSITIVE,0.9121339929614373
2024-02-07 15:00:00,Vijay Makkal Iyakkam rocks!,165,65,NEUTRAL,0.7824207183587133
2024-02-07 16:00:00,Vijay Makkal Iyakkam rocks!,431,247,NEGATIVE,0.589828482918423
2024-02-07 17:00:00,Will Vijay succeed?,443,253,NEGATIVE,0.5498817788514212
2024-02-07 18:00:00,Thalapathy Vijay is the leader!,318,43,NEUTRAL,0.5272559449554296
2024-02-07 19:00:00,Political impact of Vijay,213,96,NEUTRAL,0.8332629158926919
2024-02-07 20:00:00,Vijay entry trending!,116,41,POSITIVE,0.9037681276989966
2024-02-07 21:00:00,Will Vijay succeed?,385,226,NEGATIVE,0.7543419753420395
2024-02-07 22:00:00,Vijay Makkal Iyakkam rocks!,343,261,NEGATIVE,0.52735708741682
2024-02-07 23:00:00,Political impact of Vijay,71,166,POSITIVE,0.7677352872956691
2024-02-08 00:00:00,Political impact of Vijay,394,278,NEUTRAL,0.9678746307622752
2024-02-08 01:00:00,Vijay entry trending!,63,88,POSITIVE,0.7988065954662302
2024-02-08 02:00:00,Vijay Makkal Iyakkam rocks!,204,177,NEUTRAL,0.9047137442314075
2024-02-08 03:00:00,Thalapathy Vijay is the leader!,208,196,POSITIVE,0.9000763241958754
2024-02-08 04:00:00,Political impact of Vijay,71,266,NEUTRAL,0.9660645498903264
2024-02-08 05:00:00,Vijay entry trending!,276,267,POSITIVE,0.8851143828249366
2024-02-08 06:00:00,Thalapathy Vijay is the leader!,273,73,NEUTRAL,0.8738502570065447
2024-02-08 07:00:00,Vijay Makkal Iyakkam rocks!,477,7,NEUTRAL,0.6170513324853203
2024-02-08 08:00:00,Political impact of Vijay,319,296,NEUTRAL,0.5299625776605408
2024-02-08 09:00:00,Thalapathy Vijay is the leader!,337,163,NEUTRAL,0.7587997325269038
2024-02-08 10:00:00,Thalapathy Vijay is the leader!,365,84,NEUTRAL,0.5622171039733777
2024-02-08 11:00:00,Thalapathy Vijay is the leader!,494,71,NEGATIVE,0.9810979381389957
2024-02-08 12:00:00,Political impact of Vijay,94,54,NEUTRAL,0.6449623813165143
2024-02-08 13:00:00,Political impact of Vijay,165,46,NEGATIVE,0.9264721016921466
2024-02-08 14:00:00,Will Vijay succeed?,31,237,NEUTRAL,0.6938123126012297
2024-02-08 15:00:00,Vijay Makkal Iyakkam rocks!,10,103,NEGATIVE,0.6615971249286887
2024-02-08 16:00:00,Vijay entry trending!,300,209,NEGATIVE,0.9675792861883106
2024-02-08 17:00:00,Thalapathy Vijay is the leader!,216,41,POSITIVE,0.6816612860431119
2024-02-08 18:00:00,Will Vijay succeed?,288,267,NEUTRAL,0.6951439543315683
2024-02-08 19:00:00,Vijay entry trending!,101,262,POSITIVE,0.5530458898064545
2024-02-08 20:00:00,Will Vijay succeed?,424,258,POSITIVE,0.8352233326412546
2024-02-08 21:00:00,Political impact of Vijay,391,282,NEUTRAL,0.6444197072387567
2024-02-08 22:00:00,Thalapathy Vijay is the leader!,266,113,POSITIVE,0.7928020839197536
2024-02-08 23:00:00,Vijay entry trending!,213,39,NEUTRAL,0.7956758520266047
2024-02-09 00:00:00,Vijay entry trending!,178,219,POSITIVE,0.8595998477978835
2024-02-09 01:00:00,Vijay entry trending!,87,128,NEUTRAL,0.8726207430862206
2024-02-09 02:00:00,Vijay entry trending!,40,7,NEUTRAL,0.7572262172007698
2024-02-09 03:00:00,Vijay entry trending!,400,100,NEUTRAL,0.6654959738017014
2024-02-09 04:00:00,Will Vijay succeed?,75,175,NEGATIVE,0.918725447417367
2024-02-09 05:00:00,Thalapathy Vijay is the leader!,376,106,POSITIVE,0.6549328247042423
2024-02-09 06:00:00,Political impact of Vijay,45,100,NEGATIVE,0.7537545472346657
2024-02-09 07:00:00,Political impact of Vijay,159,259,POSITIVE,0.700626291601864
2024-02-09 08:00:00,Political impact of Vijay,462,245,POSITIVE,0.927539192984844
2024-02-09 09:00:00,Political impact of Vijay,79,274,POSITIVE,0.7159592655729143
2024-02-09 10:00:00,Will Vijay succeed?,309,31,NEGATIVE,0.6930495944187421
2024-02-09 11:00:00,Vijay Makkal Iyakkam rocks!,85,136,POSITIVE,0.8449118464488188
2024-02-09 12:00:00,Thalapathy Vijay is the leader!,91,11,NEGATIVE,0.8012205549307214
2024-02-09 13:00:00,Vijay entry trending!,147,15,NEUTRAL,0.553623416747923
2024-02-09 14:00:00,Vijay Makkal Iyakkam rocks!,160,128,POSITIVE,0.7540844031719816
2024-02-09 15:00:00,Political impact of Vijay,201,62,POSITIVE,0.8677391941666238
2024-02-09 16:00:00,Vijay Makkal Iyakkam rocks!,423,108,NEUTRAL,0.9960373822956781
2024-02-09 17:00:00,Thalapathy Vijay is the leader!,415,20,NEUTRAL,0.8145734169851595
2024-02-09 18:00:00,Vijay entry trending!,241,157,POSITIVE,0.6851465332206589
2024-02-09 19:00:00,Vijay entry trending!,352,268,NEUTRAL,0.6130757999010592
2024-02-09 20:00:00,Thalapathy Vijay is the leader!,1,161,NEGATIVE,0.9364151170766601
2024-02-09 21:00:00,Thalapathy Vijay is the leader!,224,259,NEGATIVE,0.9072826060567514
2024-02-09 22:00:00,Political impact of Vijay,288,101,POSITIVE,0.6169614103896924
2024-02-09 23:00:00,Vijay entry trending!,232,222,NEGATIVE,0.6003160450732867
2024-02-10 00:00:00,Vijay Makkal Iyakkam rocks!,460,58,NEGATIVE,0.8575683884055878
2024-02-10 01:00:00,Will Vijay succeed?,413,246,POSITIVE,0.6574760309593797
2024-02-10 02:00:00,Will Vijay succeed?,416,127,NEUTRAL,0.6531993991809789
2024-02-10 03:00:00,Thalapathy Vijay is the leader!,76,282,POSITIVE,0.5761451235338276
2024-02-10 04:00:00,Political impact of Vijay,115,24,NEGATIVE,0.631987759854915
2024-02-10 05:00:00,Will Vijay succeed?,153,130,POSITIVE,0.7137537787963248
2024-02-10 06:00:00,Vijay entry trending!,405,195,POSITIVE,0.8664191686362077
2024-02-10 07:00:00,Thalapathy Vijay is the leader!,102,280,NEGATIVE,0.6681540472068749
2024-02-10 08:00:00,Vijay Makkal Iyakkam rocks!,193,153,NEGATIVE,0.6643021697399214
2024-02-10 09:00:00,Thalapathy Vijay is the leader!,165,132,POSITIVE,0.6424566262762179
2024-02-10 10:00:00,Vijay Makkal Iyakkam rocks!,358,226,NEGATIVE,0.7391418337555216
2024-02-10 11:00:00,Thalapathy Vijay is the leader!,89,188,NEGATIVE,0.5903183489706576
2024-02-10 12:00:00,Thalapathy Vijay is the leader!,173,264,NEGATIVE,0.7428153670160628
2024-02-10 13:00:00,Thalapathy Vijay is the leader!,121,133,NEGATIVE,0.8520877780973449
2024-02-10 14:00:00,Vijay Makkal Iyakkam rocks!,497,210,NEGATIVE,0.514895252016311
2024-02-10 15:00:00,Vijay Makkal Iyakkam rocks!,142,59,NEGATIVE,0.504889690152881
2024-02-10 16:00:00,Thalapathy Vijay is the leader!,481,212,NEUTRAL,0.5375614550772546
2024-02-10 17:00:00,Will Vijay succeed?,105,215,POSITIVE,0.767830030864056
2024-02-10 18:00:00,Political impact of Vijay,374,225,NEGATIVE,0.9272275415927017
2024-02-10 19:00:00,Political impact of Vijay,427,130,POSITIVE,0.5024422330101259
2024-02-10 20:00:00,Political impact of Vijay,304,75,NEUTRAL,0.9683306522923405
2024-02-10 21:00:00,Vijay Makkal Iyakkam rocks!,359,285,NEGATIVE,0.5531392557852679
2024-02-10 22:00:00,Vijay Makkal Iyakkam rocks!,458,276,POSITIVE,0.9209917640291132
2024-02-10 23:00:00,Will Vijay succeed?,316,155,NEGATIVE,0.7414273824914734
2024-02-11 00:00:00,Political impact of Vijay,450,247,NEGATIVE,0.829678693639422
2024-02-11 01:00:00,Political impact of Vijay,122,217,NEGATIVE,0.7553414922235913
2024-02-11 02:00:00,Thalapathy Vijay is the leader!,389,189,NEGATIVE,0.7385241125896773
2024-02-11 03:00:00,Vijay Makkal Iyakkam rocks!,8,162,NEGATIVE,0.9174497141821958
2024-02-11 04:00:00,Political impact of Vijay,261,179,NEGATIVE,0.8779431897839082
2024-02-11 05:00:00,Will Vijay succeed?,72,33,NEGATIVE,0.7417011182615021
2024-02-11 06:00:00,Will Vijay succeed?,358,40,NEUTRAL,0.5558179646980308
2024-02-11 07:00:00,Political impact of Vijay,222,74,NEUTRAL,0.5577014796572041
2024-02-11 08:00:00,Vijay Makkal Iyakkam rocks!,415,278,NEGATIVE,0.9007697303595377
2024-02-11 09:00:00,Will Vijay succeed?,40,175,NEGATIVE,0.7646953106737667
2024-02-11 10:00:00,Thalapathy Vijay is the leader!,369,149,NEUTRAL,0.7407945701096813
2024-02-11 11:00:00,Will Vijay succeed?,203,272,NEUTRAL,0.8402834206803576
2024-02-11 12:00:00,Vijay entry trending!,263,107,NEUTRAL,0.9294207917071302
2024-02-11 13:00:00,Vijay entry trending!,327,138,NEGATIVE,0.8144365722066527
2024-02-11 14:00:00,Vijay Makkal Iyakkam rocks!,177,270,POSITIVE,0.8814239511732396
2024-02-11 15:00:00,Political impact of Vijay,347,288,POSITIVE,0.8826352620584785
